comparison,algorithm,cycle,n,events,weight_variable,core_model,extended_model,delta_AUROC,delta_PR_AUC,delta_Brier_improvement,delta_log_loss_improvement,core_calibration_intercept,extended_calibration_intercept,core_calibration_slope,extended_calibration_slope,absolute_intercept_deviation_change,absolute_slope_deviation_change
renal,elastic_net,2005-2006,4448,533,combined_mec_weight,model0_core,model1_renal,0.004641805414243971,0.024684182274646027,0.001521713488370477,0.004133681411664508,0.10594717044057386,0.0968682150259726,0.9947416253587584,1.0125363301634642,0.009078955414601256,-0.007277955522222657
renal,elastic_net,2007-2008,5649,677,combined_mec_weight,model0_core,model1_renal,0.0037861538481039902,0.022436336395159018,0.0010518435161586681,0.0029070433599694134,0.06945362258100926,0.07639216961158803,1.0249267128685786,1.026515944215799,-0.006938547030578765,-0.0015892313472203323
renal,elastic_net,2009-2010,5990,646,combined_mec_weight,model0_core,model1_renal,0.003713795429655442,0.0013463576590094783,0.0002819006059968168,0.0013670895963004415,-0.1685420313155057,-0.17605328500151352,0.9537351286056369,0.938582136380677,-0.007511253686007802,-0.015152992224959916
renal,elastic_net,2011-2012,5260,550,combined_mec_weight,model0_core,model1_renal,0.0051694627894353085,0.025197669147065505,0.0012357341747646217,0.0035647707494809167,-0.04663188899651303,-0.02672133584277253,0.9539106390038112,0.9601564411194166,0.019910553153740497,0.006245802115605326
renal,elastic_net,2013-2014,5522,573,combined_mec_weight,model0_core,model1_renal,0.006679683405393266,0.017916526805418886,0.001317792028647291,0.004087794399938061,-0.04583067356589075,-0.04333135790566616,0.9919471897383998,1.0091755372954165,0.0024993156602245922,-0.0011227270338163287
renal,elastic_net,2015-2016,5404,597,combined_mec_weight,model0_core,model1_renal,0.0051359957379116805,0.011889917387983007,0.0006619465176565531,0.0023598526604986236,0.023346879339047694,0.010850448054113088,1.0516499852966859,1.0354276245969531,0.012496431284934606,0.016222360699732707
renal,elastic_net,2017-2018,5209,646,combined_mec_weight,model0_core,model1_renal,0.002189903456152331,0.01179446946000573,0.00021489625222295694,0.0008415218173746519,0.003052173635859398,0.0016971981283574328,0.9965290708848361,0.9840004741257555,0.0013549755075019654,-0.012528596759080579
renal,xgboost,2005-2006,4448,533,combined_mec_weight,model0_core,model1_renal,0.0028764217003445225,0.015499190822048314,0.0015825039436733052,0.0033171342473027887,0.34685117332314097,0.1420062552069501,1.0914968823179605,1.0015878065308796,0.20484491811619088,0.08990907578708085
renal,xgboost,2007-2008,5649,677,combined_mec_weight,model0_core,model1_renal,0.0017032643142094184,0.020595806059275745,0.0008831172126543413,0.0019450993761291613,0.22120835108979198,0.22549470716651274,1.104812553275733,1.1037839752213274,-0.00428635607672076,0.0010285780544054823
renal,xgboost,2009-2010,5990,646,combined_mec_weight,model0_core,model1_renal,0.0018395386169134387,-0.003985475162491869,9.026916308855354e-05,0.000574793481463165,-0.043858445971232465,-0.06554829089549419,1.0171474202076225,0.9911562778110753,-0.021689844924261723,0.008303698018697792
renal,xgboost,2011-2012,5260,550,combined_mec_weight,model0_core,model1_renal,0.0033743708410320927,0.020542299720866353,0.0007379659315942255,0.0024529822684883074,-0.031997885009664315,-0.02339130230143054,0.9461705156422072,0.9556868178578823,0.008606582708233775,0.009516302215675121
renal,xgboost,2013-2014,5522,573,combined_mec_weight,model0_core,model1_renal,0.004958854327179685,0.003217825013163811,0.0007717071085598243,0.002673872378882669,-0.15639975697187047,-0.16422312233618908,0.9440151005637389,0.9568848380000461,-0.007823365364318602,0.01286973743630715
renal,xgboost,2015-2016,5404,597,combined_mec_weight,model0_core,model1_renal,0.002474860236417742,0.007834154575511953,0.0003331097480706591,0.0010810949436254047,0.014148179048497717,0.00301674665008983,1.061405147115536,1.0473341650878103,0.011131432398407887,0.01407098202772561
renal,xgboost,2017-2018,5209,646,combined_mec_weight,model0_core,model1_renal,0.0019031486526219776,0.00794994053091752,0.0001298867534393483,0.000728093570835503,0.0007755849763560786,0.027837428766819078,1.0079333879078458,1.0095120407750413,-0.027061843790463,-0.0015786528671954958
metabolic,elastic_net,2005-2006,1836,216,combined_fasting_weight,model0_paired_metabolic,model2_metabolic,0.003367131482436836,0.005025747255379742,0.0002699588961467547,0.0015475743921466723,-0.037452011008404576,-0.025433037370762454,0.9169226161188438,0.9269292456119126,0.012018973637642122,0.010006629493068742
metabolic,elastic_net,2007-2008,2337,288,combined_fasting_weight,model0_paired_metabolic,model2_metabolic,0.0007543095902587948,-0.004316419765807322,-1.362850219187306e-05,0.00028925038179944407,0.08536096448356978,0.07196322543903842,1.034723669788501,1.0299380556321263,0.013397739044531357,0.004785614156374685
metabolic,elastic_net,2009-2010,2594,273,combined_fasting_weight,model0_paired_metabolic,model2_metabolic,0.0020727032968980152,0.0011741921494740626,0.00026216802253965776,0.0010024670224908772,-0.1676307334190429,-0.1427029267267962,0.9693975315895426,0.9787573198908762,0.0249278066922467,0.00935978830133366
metabolic,elastic_net,2011-2012,2294,239,combined_fasting_weight,model0_paired_metabolic,model2_metabolic,0.001741808927121169,0.0006013971812859897,5.311271871205614e-05,0.00028325905800261064,-0.043680254866580503,-0.05957656883564369,0.9109750364633609,0.9064394364242851,-0.015896313969063186,-0.004535600039075716
metabolic,elastic_net,2013-2014,2370,244,combined_fasting_weight,model0_paired_metabolic,model2_metabolic,-0.00014079879879358437,0.00020903390267362765,0.00019503118792572882,0.00022057764910307642,0.17287788289193887,0.1672231598119015,1.1480926140439265,1.141838295117622,0.005654723080037366,0.0062543189263044585
metabolic,elastic_net,2015-2016,2246,266,combined_fasting_weight,model0_paired_metabolic,model2_metabolic,0.0013124950929398471,0.003691306969770658,0.0003527978141320137,0.0009103972813599426,0.06893065306342791,0.07769686485362887,1.077394208457339,1.0879437601908104,-0.008766211790200956,-0.010549551733471496
metabolic,elastic_net,2017-2018,2279,287,combined_fasting_weight,model0_paired_metabolic,model2_metabolic,0.0003310589344732717,-0.0024652187211272603,-0.0003341213459908815,-0.0007038435283351907,-0.19876025308111397,-0.20870589883316043,0.8858956257277599,0.874564041479537,-0.009945645752046456,-0.011331584248222892
metabolic,xgboost,2005-2006,1836,216,combined_fasting_weight,model0_paired_metabolic,model2_metabolic,0.004481499175459702,0.01210340345082922,0.0003902981691539936,0.0023115489616685747,0.19213544600319715,0.13704993102813315,1.0130147382868349,0.9832916066142244,0.055085514975064004,-0.003693655098940707
metabolic,xgboost,2007-2008,2337,288,combined_fasting_weight,model0_paired_metabolic,model2_metabolic,0.0044606745106223755,-0.002352806402471763,9.366458821000179e-05,0.001473681552864342,0.1957597819688073,0.23579598924094838,1.088887218492653,1.109667793402378,-0.04003620727214108,-0.020780574909724958
metabolic,xgboost,2009-2010,2594,273,combined_fasting_weight,model0_paired_metabolic,model2_metabolic,-0.0019393651711840931,-0.010921487491585058,-0.0002956330622649328,-0.0009793806288112827,-0.0740257769947322,-0.16443352434447012,1.0050442328410523,0.9529148615664343,-0.09040774734973792,-0.04204090559251339
metabolic,xgboost,2011-2012,2294,239,combined_fasting_weight,model0_paired_metabolic,model2_metabolic,0.0010989581729368147,-0.006120743402299511,-0.00038820396262523316,-0.0004184187687028551,0.025677557352852765,0.022888886400574043,0.929672086133239,0.9295951941340682,0.002788670952278721,-7.689199917082501e-05
metabolic,xgboost,2013-2014,2370,244,combined_fasting_weight,model0_paired_metabolic,model2_metabolic,-0.0006181300106323784,0.0044329881166798035,4.399319362263787e-05,-9.188887948716196e-05,0.08018304716911648,0.0703999047259037,1.1170008469740706,1.109342968562011,0.00978314244321278,0.00765787841205956
metabolic,xgboost,2015-2016,2246,266,combined_fasting_weight,model0_paired_metabolic,model2_metabolic,-0.001559794746750831,-0.006003777074907624,-0.0003390840826562602,-0.0007559118871370285,0.02938471339785753,0.040632241414195906,1.1004014630029793,1.1013498298972442,-0.011247528016338375,-0.0009483668942649182
metabolic,xgboost,2017-2018,2279,287,combined_fasting_weight,model0_paired_metabolic,model2_metabolic,-0.0024186737835578676,-0.012479012123045197,-0.0016755056438181731,-0.003918509816301097,-0.2660737058986597,-0.3722997149930194,0.8588814226538474,0.7883923200365242,-0.1062260090943597,-0.07048910261732322
inflammatory,elastic_net,2005-2006,4448,533,combined_mec_weight,model0_core,model3_inflammatory,0.0029502536887260344,0.0069647088047425365,0.00034189730409582564,0.0013944623706921566,0.10594717044057386,0.13341823268014633,0.9947416253587584,1.0056286794560052,-0.027471062239572464,-0.0003703048147636334
inflammatory,elastic_net,2007-2008,5649,677,combined_mec_weight,model0_core,model3_inflammatory,0.000857057646850734,0.007458276502886385,0.0002814743925179941,0.0006780370211076359,0.06945362258100926,0.0949097013268798,1.0249267128685786,1.0341110403812852,-0.02545607874587054,-0.009184327512706592
inflammatory,elastic_net,2009-2010,5990,646,combined_mec_weight,model0_core,model3_inflammatory,0.0001554274029232916,0.0028907367592683753,0.00011388889419870762,0.00022421636605945983,-0.1685420313155057,-0.16000875217523755,0.9537351286056369,0.95382028822204,0.008533279140268163,8.515961640309655e-05
inflammatory,elastic_net,2011-2012,5260,550,combined_mec_weight,model0_core,model3_inflammatory,0.0011908636450708165,0.0036056812687758066,0.00026641805495056237,0.0005881278557764991,-0.04663188899651303,-0.027541230517443165,0.9539106390038112,0.9576590654564437,0.019090658479069864,0.003748426452632514
inflammatory,elastic_net,2013-2014,5522,573,combined_mec_weight,model0_core,model3_inflammatory,0.0009006344154011137,-0.0006572140803328685,4.438903380464543e-05,0.0003537013871765804,-0.04583067356589075,-0.0791041404702539,0.9919471897383998,0.9838899238670371,-0.03327346690436314,-0.008057265871362684
inflammatory,elastic_net,2015-2016,5404,597,combined_mec_weight,model0_core,model3_inflammatory,0.0008743577332191999,0.007375545293840935,0.00024053260274667365,0.0006231071733115712,0.023346879339047694,0.008020616229782673,1.0516499852966859,1.0496766897241891,0.01532626310926502,0.0019732955724967027
inflammatory,elastic_net,2017-2018,5209,646,combined_mec_weight,model0_core,model3_inflammatory,0.0008045261369020729,-0.004807127308600112,-0.00023262283761348035,-0.0001965383929822262,0.003052173635859398,-0.01819830663037874,0.9965290708848361,0.9860410184983603,-0.015146132994519342,-0.010488052386475766
inflammatory,xgboost,2005-2006,4448,533,combined_mec_weight,model0_core,model3_inflammatory,0.0019079851234238276,0.001107501501152408,0.0001947941788733587,0.0007768719776996558,0.34685117332314097,0.3730682317085824,1.0914968823179605,1.102883404404336,-0.026217058385441416,-0.011386522086375583
inflammatory,xgboost,2007-2008,5649,677,combined_mec_weight,model0_core,model3_inflammatory,-0.00024121603240712108,0.008894791286892356,0.00017672485144043515,0.00018701307144167179,0.22120835108979198,0.24338811980647898,1.104812553275733,1.1098885767014228,-0.022179768716687004,-0.005076023425689913
inflammatory,xgboost,2009-2010,5990,646,combined_mec_weight,model0_core,model3_inflammatory,-0.0008087358237645059,0.0024956897076007234,1.5076762267751675e-05,-0.0001524886883727261,-0.043858445971232465,-0.12989322952337018,1.0171474202076225,0.9647157571889142,-0.08603478355213771,-0.018136822603463276
inflammatory,xgboost,2011-2012,5260,550,combined_mec_weight,model0_core,model3_inflammatory,-0.0004935335489750781,0.010722358491724815,0.00040510136957754017,0.0004026800255077234,-0.031997885009664315,-0.04386788280750348,0.9461705156422072,0.9313839795052198,-0.011869997797839163,-0.014786536136987438
inflammatory,xgboost,2013-2014,5522,573,combined_mec_weight,model0_core,model3_inflammatory,0.001305052249173655,-0.004317636172039063,0.0001551879069881107,0.00040109609256872014,-0.15639975697187047,-0.06402166937319934,0.9440151005637389,1.0172064187108676,0.09237808759867114,0.03877848072539347
inflammatory,xgboost,2015-2016,5404,597,combined_mec_weight,model0_core,model3_inflammatory,0.001982238663454483,0.0004087551223818098,0.00010406007208009493,0.0007498780492083967,0.014148179048497717,-0.007952564680948432,1.061405147115536,1.0495492445510881,0.006195614367549285,0.011855902564447796
inflammatory,xgboost,2017-2018,5209,646,combined_mec_weight,model0_core,model3_inflammatory,0.0007159653084228834,-0.006207660564417072,-0.000695717253640496,-0.0008265755478453762,0.0007755849763560786,-0.08918289683108373,1.0079333879078458,0.956838345053648,-0.08840731185472765,-0.035228267038506234
combined,elastic_net,2005-2006,1836,216,combined_fasting_weight,model0_paired_combined,model4_combined,0.014875444496366241,0.050196661096781114,0.002741281297062012,0.009484607538806394,-0.037452011008404576,0.018645821294704656,0.9169226161188438,0.9781258590066746,0.01880618971369992,0.061203242887830744
combined,elastic_net,2007-2008,2337,288,combined_fasting_weight,model0_paired_combined,model4_combined,0.009568355490448877,0.019362106180362493,0.0010884657359840344,0.004433612914517188,0.08536096448356978,0.05039615478531413,1.034723669788501,1.022172586746196,0.03496480969825565,0.012551083042305011
combined,elastic_net,2009-2010,2594,273,combined_fasting_weight,model0_paired_combined,model4_combined,0.00522934675669362,0.00341210369969841,0.0005613712161819037,0.0023157263317056254,-0.1676307334190429,-0.16104162617805945,0.9693975315895426,0.9569613279676339,0.006589107240983438,-0.01243620362190867
combined,elastic_net,2011-2012,2294,239,combined_fasting_weight,model0_paired_combined,model4_combined,0.0066550482356013685,0.022015452755014875,0.001501073556298041,0.004144725368609353,-0.043680254866580503,-0.02002389462951651,0.9109750364633609,0.9122004420246543,0.023656360237063995,0.001225405561293469
combined,elastic_net,2013-2014,2370,244,combined_fasting_weight,model0_paired_combined,model4_combined,0.0037145581308206665,0.018490393343842615,0.0016141680773976846,0.003357070970392645,0.17287788289193887,0.08754228889611428,1.1480926140439265,1.1188491241776124,0.08533559399582459,0.029243489866314087
combined,elastic_net,2015-2016,2246,266,combined_fasting_weight,model0_paired_combined,model4_combined,0.008949320326612331,0.034871660282669525,0.0016879092869769435,0.0055396201717337334,0.06893065306342791,0.10440412764792445,1.077394208457339,1.0871372055198714,-0.03547347458449654,-0.009742997062532455
combined,elastic_net,2017-2018,2279,287,combined_fasting_weight,model0_paired_combined,model4_combined,0.003742600495163728,0.02656775751900703,0.0005856394125219599,0.001210849884599352,-0.19876025308111397,-0.2131894158640107,0.8858956257277599,0.8598981287074585,-0.014429162782896715,-0.025997497020301408
combined,xgboost,2005-2006,1836,216,combined_fasting_weight,model0_paired_combined,model4_combined,0.01102917527919034,0.05828623900587232,0.00283217016278714,0.008647462568579012,0.19213544600319715,0.21813272428590416,1.0130147382868349,1.0448695087750277,-0.02599727828270701,-0.03185477048819285
combined,xgboost,2007-2008,2337,288,combined_fasting_weight,model0_paired_combined,model4_combined,0.007429447197936145,0.024837522093207443,0.0014005074218821079,0.004815213869628104,0.1957597819688073,0.25275110669628553,1.088887218492653,1.1068823233672447,-0.056991324727478226,-0.01799510487459166
combined,xgboost,2009-2010,2594,273,combined_fasting_weight,model0_paired_combined,model4_combined,0.003701813043821889,-0.01876885289408259,-0.00033645566783967185,0.0006245867054657794,-0.0740257769947322,-0.16911945951006604,1.0050442328410523,0.9360654246734932,-0.09509368251533384,-0.05889034248545455
combined,xgboost,2011-2012,2294,239,combined_fasting_weight,model0_paired_combined,model4_combined,0.005864058237521674,0.017148569429900618,0.0010340450565971132,0.003565416296802848,0.025677557352852765,0.06194275324116502,0.929672086133239,0.9442606412169443,-0.03626519588831226,0.014588555083705268
combined,xgboost,2013-2014,2370,244,combined_fasting_weight,model0_paired_combined,model4_combined,-0.0011211778806167194,0.029667175789824307,0.0013613672562244328,0.0019197711984326737,0.08018304716911648,0.003995451488280375,1.1170008469740706,1.0889461193840153,0.0761875956808361,0.02805472759005534
combined,xgboost,2015-2016,2246,266,combined_fasting_weight,model0_paired_combined,model4_combined,0.007273874565745686,0.033600006179699105,0.0015949181336032958,0.005147090496836176,0.02938471339785753,0.12586058236525413,1.1004014630029793,1.1434170462061775,-0.0964758689673966,-0.043015583203198204
combined,xgboost,2017-2018,2279,287,combined_fasting_weight,model0_paired_combined,model4_combined,-0.008106753680702572,-0.001820437737300118,-0.0014417637155636348,-0.0057377784547072985,-0.2660737058986597,-0.3742472545287988,0.8588814226538474,0.7831014805790433,-0.10817354863013912,-0.0757799420748041
