fold,outer_holdout_cycle,model,algorithm,selected_candidate_id,mean_inner_weighted_log_loss,sd_inner_weighted_log_loss,training_cycles,hyperparameters_json,n_outer_train,n_outer_validation,events_outer_validation,training_youden_threshold,config_hash
1,2005-2006,model0_core,elastic_net,elastic_net_0002,0.2261631385370792,0.008400667184568,2007-2008;2009-2010;2011-2012;2013-2014;2015-2016;2017-2018,"{""C"": 0.01, ""class_weight"": null, ""l1_ratio"": 0.0, ""max_iter"": 5000, ""solver"": ""saga"", ""tol"": 0.0001}",33034,4448,533,0.0764665572327845,"{""config/cycle_folds.yml"": ""83989a1e6d8482f886ad95fae273aad3a7017a463d085f3c68923110a1cde427"", ""config/elastic_net_hyperparameter_grid.yml"": ""369ef395cc6e675b3916c743deb4af4d89cdfd7b28323cefaa2c76f002844941"", ""config/frozen_variable_specification.yml"": ""81ece6c7a190957024d3a0b87a06249e6b07d2aee86a4f6f5463f066888d0208"", ""config/temporal_validation_locked.yml"": ""6883ae0bb61c41c80eeba2523361b8cddc0babef6793e94b4b9a2449c30491ba"", ""config/xgboost_hyperparameter_grid.yml"": ""bd77bebd7233cb643bb0ab622229eaa0ee797d43cc6e108a742156ea7057421d""}"
1,2005-2006,model0_paired_combined,elastic_net,elastic_net_0003,0.2333183379618076,0.0171892635740425,2007-2008;2009-2010;2011-2012;2013-2014;2015-2016;2017-2018,"{""C"": 0.03, ""class_weight"": null, ""l1_ratio"": 0.0, ""max_iter"": 5000, ""solver"": ""saga"", ""tol"": 0.0001}",14120,1836,216,0.0824151151832887,"{""config/cycle_folds.yml"": ""83989a1e6d8482f886ad95fae273aad3a7017a463d085f3c68923110a1cde427"", ""config/elastic_net_hyperparameter_grid.yml"": ""369ef395cc6e675b3916c743deb4af4d89cdfd7b28323cefaa2c76f002844941"", ""config/frozen_variable_specification.yml"": ""81ece6c7a190957024d3a0b87a06249e6b07d2aee86a4f6f5463f066888d0208"", ""config/temporal_validation_locked.yml"": ""6883ae0bb61c41c80eeba2523361b8cddc0babef6793e94b4b9a2449c30491ba"", ""config/xgboost_hyperparameter_grid.yml"": ""bd77bebd7233cb643bb0ab622229eaa0ee797d43cc6e108a742156ea7057421d""}"
1,2005-2006,model0_paired_metabolic,elastic_net,elastic_net_0003,0.2333183379618076,0.0171892635740425,2007-2008;2009-2010;2011-2012;2013-2014;2015-2016;2017-2018,"{""C"": 0.03, ""class_weight"": null, ""l1_ratio"": 0.0, ""max_iter"": 5000, ""solver"": ""saga"", ""tol"": 0.0001}",14120,1836,216,0.0824151151832887,"{""config/cycle_folds.yml"": ""83989a1e6d8482f886ad95fae273aad3a7017a463d085f3c68923110a1cde427"", ""config/elastic_net_hyperparameter_grid.yml"": ""369ef395cc6e675b3916c743deb4af4d89cdfd7b28323cefaa2c76f002844941"", ""config/frozen_variable_specification.yml"": ""81ece6c7a190957024d3a0b87a06249e6b07d2aee86a4f6f5463f066888d0208"", ""config/temporal_validation_locked.yml"": ""6883ae0bb61c41c80eeba2523361b8cddc0babef6793e94b4b9a2449c30491ba"", ""config/xgboost_hyperparameter_grid.yml"": ""bd77bebd7233cb643bb0ab622229eaa0ee797d43cc6e108a742156ea7057421d""}"
1,2005-2006,model1_renal,elastic_net,elastic_net_0000,0.223630500580976,0.008684348993725,2007-2008;2009-2010;2011-2012;2013-2014;2015-2016;2017-2018,"{""C"": 0.001, ""class_weight"": null, ""l1_ratio"": 0.0, ""max_iter"": 5000, ""solver"": ""saga"", ""tol"": 0.0001}",33034,4448,533,0.0790704099150002,"{""config/cycle_folds.yml"": ""83989a1e6d8482f886ad95fae273aad3a7017a463d085f3c68923110a1cde427"", ""config/elastic_net_hyperparameter_grid.yml"": ""369ef395cc6e675b3916c743deb4af4d89cdfd7b28323cefaa2c76f002844941"", ""config/frozen_variable_specification.yml"": ""81ece6c7a190957024d3a0b87a06249e6b07d2aee86a4f6f5463f066888d0208"", ""config/temporal_validation_locked.yml"": ""6883ae0bb61c41c80eeba2523361b8cddc0babef6793e94b4b9a2449c30491ba"", ""config/xgboost_hyperparameter_grid.yml"": ""bd77bebd7233cb643bb0ab622229eaa0ee797d43cc6e108a742156ea7057421d""}"
1,2005-2006,model2_metabolic,elastic_net,elastic_net_0000,0.2330127192074767,0.0174852934885659,2007-2008;2009-2010;2011-2012;2013-2014;2015-2016;2017-2018,"{""C"": 0.001, ""class_weight"": null, ""l1_ratio"": 0.0, ""max_iter"": 5000, ""solver"": ""saga"", ""tol"": 0.0001}",14120,1836,216,0.0902325999479251,"{""config/cycle_folds.yml"": ""83989a1e6d8482f886ad95fae273aad3a7017a463d085f3c68923110a1cde427"", ""config/elastic_net_hyperparameter_grid.yml"": ""369ef395cc6e675b3916c743deb4af4d89cdfd7b28323cefaa2c76f002844941"", ""config/frozen_variable_specification.yml"": ""81ece6c7a190957024d3a0b87a06249e6b07d2aee86a4f6f5463f066888d0208"", ""config/temporal_validation_locked.yml"": ""6883ae0bb61c41c80eeba2523361b8cddc0babef6793e94b4b9a2449c30491ba"", ""config/xgboost_hyperparameter_grid.yml"": ""bd77bebd7233cb643bb0ab622229eaa0ee797d43cc6e108a742156ea7057421d""}"
1,2005-2006,model3_inflammatory,elastic_net,elastic_net_0000,0.2257683435733609,0.0085312732244071,2007-2008;2009-2010;2011-2012;2013-2014;2015-2016;2017-2018,"{""C"": 0.001, ""class_weight"": null, ""l1_ratio"": 0.0, ""max_iter"": 5000, ""solver"": ""saga"", ""tol"": 0.0001}",33034,4448,533,0.0862648322857272,"{""config/cycle_folds.yml"": ""83989a1e6d8482f886ad95fae273aad3a7017a463d085f3c68923110a1cde427"", ""config/elastic_net_hyperparameter_grid.yml"": ""369ef395cc6e675b3916c743deb4af4d89cdfd7b28323cefaa2c76f002844941"", ""config/frozen_variable_specification.yml"": ""81ece6c7a190957024d3a0b87a06249e6b07d2aee86a4f6f5463f066888d0208"", ""config/temporal_validation_locked.yml"": ""6883ae0bb61c41c80eeba2523361b8cddc0babef6793e94b4b9a2449c30491ba"", ""config/xgboost_hyperparameter_grid.yml"": ""bd77bebd7233cb643bb0ab622229eaa0ee797d43cc6e108a742156ea7057421d""}"
1,2005-2006,model4_combined,elastic_net,elastic_net_0000,0.2297749270602581,0.0175042252983456,2007-2008;2009-2010;2011-2012;2013-2014;2015-2016;2017-2018,"{""C"": 0.001, ""class_weight"": null, ""l1_ratio"": 0.0, ""max_iter"": 5000, ""solver"": ""saga"", ""tol"": 0.0001}",14120,1836,216,0.0855412917211113,"{""config/cycle_folds.yml"": ""83989a1e6d8482f886ad95fae273aad3a7017a463d085f3c68923110a1cde427"", ""config/elastic_net_hyperparameter_grid.yml"": ""369ef395cc6e675b3916c743deb4af4d89cdfd7b28323cefaa2c76f002844941"", ""config/frozen_variable_specification.yml"": ""81ece6c7a190957024d3a0b87a06249e6b07d2aee86a4f6f5463f066888d0208"", ""config/temporal_validation_locked.yml"": ""6883ae0bb61c41c80eeba2523361b8cddc0babef6793e94b4b9a2449c30491ba"", ""config/xgboost_hyperparameter_grid.yml"": ""bd77bebd7233cb643bb0ab622229eaa0ee797d43cc6e108a742156ea7057421d""}"
2,2007-2008,model0_core,elastic_net,elastic_net_0000,0.2274551684951465,0.0080037009429728,2005-2006;2009-2010;2011-2012;2013-2014;2015-2016;2017-2018,"{""C"": 0.001, ""class_weight"": null, ""l1_ratio"": 0.0, ""max_iter"": 5000, ""solver"": ""saga"", ""tol"": 0.0001}",31833,5649,677,0.081929086358467,"{""config/cycle_folds.yml"": ""83989a1e6d8482f886ad95fae273aad3a7017a463d085f3c68923110a1cde427"", ""config/elastic_net_hyperparameter_grid.yml"": ""369ef395cc6e675b3916c743deb4af4d89cdfd7b28323cefaa2c76f002844941"", ""config/frozen_variable_specification.yml"": ""81ece6c7a190957024d3a0b87a06249e6b07d2aee86a4f6f5463f066888d0208"", ""config/temporal_validation_locked.yml"": ""6883ae0bb61c41c80eeba2523361b8cddc0babef6793e94b4b9a2449c30491ba"", ""config/xgboost_hyperparameter_grid.yml"": ""bd77bebd7233cb643bb0ab622229eaa0ee797d43cc6e108a742156ea7057421d""}"
2,2007-2008,model0_paired_combined,elastic_net,elastic_net_0000,0.2372173438128925,0.0168098878991779,2005-2006;2009-2010;2011-2012;2013-2014;2015-2016;2017-2018,"{""C"": 0.001, ""class_weight"": null, ""l1_ratio"": 0.0, ""max_iter"": 5000, ""solver"": ""saga"", ""tol"": 0.0001}",13619,2337,288,0.0851945857590451,"{""config/cycle_folds.yml"": ""83989a1e6d8482f886ad95fae273aad3a7017a463d085f3c68923110a1cde427"", ""config/elastic_net_hyperparameter_grid.yml"": ""369ef395cc6e675b3916c743deb4af4d89cdfd7b28323cefaa2c76f002844941"", ""config/frozen_variable_specification.yml"": ""81ece6c7a190957024d3a0b87a06249e6b07d2aee86a4f6f5463f066888d0208"", ""config/temporal_validation_locked.yml"": ""6883ae0bb61c41c80eeba2523361b8cddc0babef6793e94b4b9a2449c30491ba"", ""config/xgboost_hyperparameter_grid.yml"": ""bd77bebd7233cb643bb0ab622229eaa0ee797d43cc6e108a742156ea7057421d""}"
2,2007-2008,model0_paired_metabolic,elastic_net,elastic_net_0000,0.2372173438128925,0.0168098878991779,2005-2006;2009-2010;2011-2012;2013-2014;2015-2016;2017-2018,"{""C"": 0.001, ""class_weight"": null, ""l1_ratio"": 0.0, ""max_iter"": 5000, ""solver"": ""saga"", ""tol"": 0.0001}",13619,2337,288,0.0851945857590451,"{""config/cycle_folds.yml"": ""83989a1e6d8482f886ad95fae273aad3a7017a463d085f3c68923110a1cde427"", ""config/elastic_net_hyperparameter_grid.yml"": ""369ef395cc6e675b3916c743deb4af4d89cdfd7b28323cefaa2c76f002844941"", ""config/frozen_variable_specification.yml"": ""81ece6c7a190957024d3a0b87a06249e6b07d2aee86a4f6f5463f066888d0208"", ""config/temporal_validation_locked.yml"": ""6883ae0bb61c41c80eeba2523361b8cddc0babef6793e94b4b9a2449c30491ba"", ""config/xgboost_hyperparameter_grid.yml"": ""bd77bebd7233cb643bb0ab622229eaa0ee797d43cc6e108a742156ea7057421d""}"
2,2007-2008,model1_renal,elastic_net,elastic_net_0000,0.2247451932360992,0.0082322899495539,2005-2006;2009-2010;2011-2012;2013-2014;2015-2016;2017-2018,"{""C"": 0.001, ""class_weight"": null, ""l1_ratio"": 0.0, ""max_iter"": 5000, ""solver"": ""saga"", ""tol"": 0.0001}",31833,5649,677,0.086170551716926,"{""config/cycle_folds.yml"": ""83989a1e6d8482f886ad95fae273aad3a7017a463d085f3c68923110a1cde427"", ""config/elastic_net_hyperparameter_grid.yml"": ""369ef395cc6e675b3916c743deb4af4d89cdfd7b28323cefaa2c76f002844941"", ""config/frozen_variable_specification.yml"": ""81ece6c7a190957024d3a0b87a06249e6b07d2aee86a4f6f5463f066888d0208"", ""config/temporal_validation_locked.yml"": ""6883ae0bb61c41c80eeba2523361b8cddc0babef6793e94b4b9a2449c30491ba"", ""config/xgboost_hyperparameter_grid.yml"": ""bd77bebd7233cb643bb0ab622229eaa0ee797d43cc6e108a742156ea7057421d""}"
2,2007-2008,model2_metabolic,elastic_net,elastic_net_0001,0.2367069736672447,0.0171536236150325,2005-2006;2009-2010;2011-2012;2013-2014;2015-2016;2017-2018,"{""C"": 0.003, ""class_weight"": null, ""l1_ratio"": 0.0, ""max_iter"": 5000, ""solver"": ""saga"", ""tol"": 0.0001}",13619,2337,288,0.0897478267554924,"{""config/cycle_folds.yml"": ""83989a1e6d8482f886ad95fae273aad3a7017a463d085f3c68923110a1cde427"", ""config/elastic_net_hyperparameter_grid.yml"": ""369ef395cc6e675b3916c743deb4af4d89cdfd7b28323cefaa2c76f002844941"", ""config/frozen_variable_specification.yml"": ""81ece6c7a190957024d3a0b87a06249e6b07d2aee86a4f6f5463f066888d0208"", ""config/temporal_validation_locked.yml"": ""6883ae0bb61c41c80eeba2523361b8cddc0babef6793e94b4b9a2449c30491ba"", ""config/xgboost_hyperparameter_grid.yml"": ""bd77bebd7233cb643bb0ab622229eaa0ee797d43cc6e108a742156ea7057421d""}"
2,2007-2008,model3_inflammatory,elastic_net,elastic_net_0003,0.2270251411252653,0.0081609484551972,2005-2006;2009-2010;2011-2012;2013-2014;2015-2016;2017-2018,"{""C"": 0.03, ""class_weight"": null, ""l1_ratio"": 0.0, ""max_iter"": 5000, ""solver"": ""saga"", ""tol"": 0.0001}",31833,5649,677,0.095224047487456,"{""config/cycle_folds.yml"": ""83989a1e6d8482f886ad95fae273aad3a7017a463d085f3c68923110a1cde427"", ""config/elastic_net_hyperparameter_grid.yml"": ""369ef395cc6e675b3916c743deb4af4d89cdfd7b28323cefaa2c76f002844941"", ""config/frozen_variable_specification.yml"": ""81ece6c7a190957024d3a0b87a06249e6b07d2aee86a4f6f5463f066888d0208"", ""config/temporal_validation_locked.yml"": ""6883ae0bb61c41c80eeba2523361b8cddc0babef6793e94b4b9a2449c30491ba"", ""config/xgboost_hyperparameter_grid.yml"": ""bd77bebd7233cb643bb0ab622229eaa0ee797d43cc6e108a742156ea7057421d""}"
2,2007-2008,model4_combined,elastic_net,elastic_net_0000,0.2328729401576276,0.0167376855319125,2005-2006;2009-2010;2011-2012;2013-2014;2015-2016;2017-2018,"{""C"": 0.001, ""class_weight"": null, ""l1_ratio"": 0.0, ""max_iter"": 5000, ""solver"": ""saga"", ""tol"": 0.0001}",13619,2337,288,0.0907474031026218,"{""config/cycle_folds.yml"": ""83989a1e6d8482f886ad95fae273aad3a7017a463d085f3c68923110a1cde427"", ""config/elastic_net_hyperparameter_grid.yml"": ""369ef395cc6e675b3916c743deb4af4d89cdfd7b28323cefaa2c76f002844941"", ""config/frozen_variable_specification.yml"": ""81ece6c7a190957024d3a0b87a06249e6b07d2aee86a4f6f5463f066888d0208"", ""config/temporal_validation_locked.yml"": ""6883ae0bb61c41c80eeba2523361b8cddc0babef6793e94b4b9a2449c30491ba"", ""config/xgboost_hyperparameter_grid.yml"": ""bd77bebd7233cb643bb0ab622229eaa0ee797d43cc6e108a742156ea7057421d""}"
3,2009-2010,model0_core,elastic_net,elastic_net_0008,0.2279905785414554,0.0069908649798275,2005-2006;2007-2008;2011-2012;2013-2014;2015-2016;2017-2018,"{""C"": 10.0, ""class_weight"": null, ""l1_ratio"": 0.0, ""max_iter"": 5000, ""solver"": ""saga"", ""tol"": 0.0001}",31492,5990,646,0.0842609689767798,"{""config/cycle_folds.yml"": ""83989a1e6d8482f886ad95fae273aad3a7017a463d085f3c68923110a1cde427"", ""config/elastic_net_hyperparameter_grid.yml"": ""369ef395cc6e675b3916c743deb4af4d89cdfd7b28323cefaa2c76f002844941"", ""config/frozen_variable_specification.yml"": ""81ece6c7a190957024d3a0b87a06249e6b07d2aee86a4f6f5463f066888d0208"", ""config/temporal_validation_locked.yml"": ""6883ae0bb61c41c80eeba2523361b8cddc0babef6793e94b4b9a2449c30491ba"", ""config/xgboost_hyperparameter_grid.yml"": ""bd77bebd7233cb643bb0ab622229eaa0ee797d43cc6e108a742156ea7057421d""}"
3,2009-2010,model0_paired_combined,elastic_net,elastic_net_0003,0.2380015554115646,0.0156284017564542,2005-2006;2007-2008;2011-2012;2013-2014;2015-2016;2017-2018,"{""C"": 0.03, ""class_weight"": null, ""l1_ratio"": 0.0, ""max_iter"": 5000, ""solver"": ""saga"", ""tol"": 0.0001}",13362,2594,273,0.0889810712279296,"{""config/cycle_folds.yml"": ""83989a1e6d8482f886ad95fae273aad3a7017a463d085f3c68923110a1cde427"", ""config/elastic_net_hyperparameter_grid.yml"": ""369ef395cc6e675b3916c743deb4af4d89cdfd7b28323cefaa2c76f002844941"", ""config/frozen_variable_specification.yml"": ""81ece6c7a190957024d3a0b87a06249e6b07d2aee86a4f6f5463f066888d0208"", ""config/temporal_validation_locked.yml"": ""6883ae0bb61c41c80eeba2523361b8cddc0babef6793e94b4b9a2449c30491ba"", ""config/xgboost_hyperparameter_grid.yml"": ""bd77bebd7233cb643bb0ab622229eaa0ee797d43cc6e108a742156ea7057421d""}"
3,2009-2010,model0_paired_metabolic,elastic_net,elastic_net_0003,0.2380015554115646,0.0156284017564542,2005-2006;2007-2008;2011-2012;2013-2014;2015-2016;2017-2018,"{""C"": 0.03, ""class_weight"": null, ""l1_ratio"": 0.0, ""max_iter"": 5000, ""solver"": ""saga"", ""tol"": 0.0001}",13362,2594,273,0.0889810712279296,"{""config/cycle_folds.yml"": ""83989a1e6d8482f886ad95fae273aad3a7017a463d085f3c68923110a1cde427"", ""config/elastic_net_hyperparameter_grid.yml"": ""369ef395cc6e675b3916c743deb4af4d89cdfd7b28323cefaa2c76f002844941"", ""config/frozen_variable_specification.yml"": ""81ece6c7a190957024d3a0b87a06249e6b07d2aee86a4f6f5463f066888d0208"", ""config/temporal_validation_locked.yml"": ""6883ae0bb61c41c80eeba2523361b8cddc0babef6793e94b4b9a2449c30491ba"", ""config/xgboost_hyperparameter_grid.yml"": ""bd77bebd7233cb643bb0ab622229eaa0ee797d43cc6e108a742156ea7057421d""}"
3,2009-2010,model1_renal,elastic_net,elastic_net_0001,0.2250282161314171,0.0077005042916032,2005-2006;2007-2008;2011-2012;2013-2014;2015-2016;2017-2018,"{""C"": 0.003, ""class_weight"": null, ""l1_ratio"": 0.0, ""max_iter"": 5000, ""solver"": ""saga"", ""tol"": 0.0001}",31492,5990,646,0.0803000234402131,"{""config/cycle_folds.yml"": ""83989a1e6d8482f886ad95fae273aad3a7017a463d085f3c68923110a1cde427"", ""config/elastic_net_hyperparameter_grid.yml"": ""369ef395cc6e675b3916c743deb4af4d89cdfd7b28323cefaa2c76f002844941"", ""config/frozen_variable_specification.yml"": ""81ece6c7a190957024d3a0b87a06249e6b07d2aee86a4f6f5463f066888d0208"", ""config/temporal_validation_locked.yml"": ""6883ae0bb61c41c80eeba2523361b8cddc0babef6793e94b4b9a2449c30491ba"", ""config/xgboost_hyperparameter_grid.yml"": ""bd77bebd7233cb643bb0ab622229eaa0ee797d43cc6e108a742156ea7057421d""}"
3,2009-2010,model2_metabolic,elastic_net,elastic_net_0002,0.2376022604694239,0.0157723539817513,2005-2006;2007-2008;2011-2012;2013-2014;2015-2016;2017-2018,"{""C"": 0.01, ""class_weight"": null, ""l1_ratio"": 0.0, ""max_iter"": 5000, ""solver"": ""saga"", ""tol"": 0.0001}",13362,2594,273,0.0951000562845547,"{""config/cycle_folds.yml"": ""83989a1e6d8482f886ad95fae273aad3a7017a463d085f3c68923110a1cde427"", ""config/elastic_net_hyperparameter_grid.yml"": ""369ef395cc6e675b3916c743deb4af4d89cdfd7b28323cefaa2c76f002844941"", ""config/frozen_variable_specification.yml"": ""81ece6c7a190957024d3a0b87a06249e6b07d2aee86a4f6f5463f066888d0208"", ""config/temporal_validation_locked.yml"": ""6883ae0bb61c41c80eeba2523361b8cddc0babef6793e94b4b9a2449c30491ba"", ""config/xgboost_hyperparameter_grid.yml"": ""bd77bebd7233cb643bb0ab622229eaa0ee797d43cc6e108a742156ea7057421d""}"
3,2009-2010,model3_inflammatory,elastic_net,elastic_net_0000,0.2275195109417484,0.007353483011173,2005-2006;2007-2008;2011-2012;2013-2014;2015-2016;2017-2018,"{""C"": 0.001, ""class_weight"": null, ""l1_ratio"": 0.0, ""max_iter"": 5000, ""solver"": ""saga"", ""tol"": 0.0001}",31492,5990,646,0.0983510612501826,"{""config/cycle_folds.yml"": ""83989a1e6d8482f886ad95fae273aad3a7017a463d085f3c68923110a1cde427"", ""config/elastic_net_hyperparameter_grid.yml"": ""369ef395cc6e675b3916c743deb4af4d89cdfd7b28323cefaa2c76f002844941"", ""config/frozen_variable_specification.yml"": ""81ece6c7a190957024d3a0b87a06249e6b07d2aee86a4f6f5463f066888d0208"", ""config/temporal_validation_locked.yml"": ""6883ae0bb61c41c80eeba2523361b8cddc0babef6793e94b4b9a2449c30491ba"", ""config/xgboost_hyperparameter_grid.yml"": ""bd77bebd7233cb643bb0ab622229eaa0ee797d43cc6e108a742156ea7057421d""}"
3,2009-2010,model4_combined,elastic_net,elastic_net_0000,0.2334327355142252,0.0160027526693759,2005-2006;2007-2008;2011-2012;2013-2014;2015-2016;2017-2018,"{""C"": 0.001, ""class_weight"": null, ""l1_ratio"": 0.0, ""max_iter"": 5000, ""solver"": ""saga"", ""tol"": 0.0001}",13362,2594,273,0.0975097182012342,"{""config/cycle_folds.yml"": ""83989a1e6d8482f886ad95fae273aad3a7017a463d085f3c68923110a1cde427"", ""config/elastic_net_hyperparameter_grid.yml"": ""369ef395cc6e675b3916c743deb4af4d89cdfd7b28323cefaa2c76f002844941"", ""config/frozen_variable_specification.yml"": ""81ece6c7a190957024d3a0b87a06249e6b07d2aee86a4f6f5463f066888d0208"", ""config/temporal_validation_locked.yml"": ""6883ae0bb61c41c80eeba2523361b8cddc0babef6793e94b4b9a2449c30491ba"", ""config/xgboost_hyperparameter_grid.yml"": ""bd77bebd7233cb643bb0ab622229eaa0ee797d43cc6e108a742156ea7057421d""}"
4,2011-2012,model0_core,elastic_net,elastic_net_0008,0.2260539852448636,0.0083303452096654,2005-2006;2007-2008;2009-2010;2013-2014;2015-2016;2017-2018,"{""C"": 10.0, ""class_weight"": null, ""l1_ratio"": 0.0, ""max_iter"": 5000, ""solver"": ""saga"", ""tol"": 0.0001}",32222,5260,550,0.0943371179693602,"{""config/cycle_folds.yml"": ""83989a1e6d8482f886ad95fae273aad3a7017a463d085f3c68923110a1cde427"", ""config/elastic_net_hyperparameter_grid.yml"": ""369ef395cc6e675b3916c743deb4af4d89cdfd7b28323cefaa2c76f002844941"", ""config/frozen_variable_specification.yml"": ""81ece6c7a190957024d3a0b87a06249e6b07d2aee86a4f6f5463f066888d0208"", ""config/temporal_validation_locked.yml"": ""6883ae0bb61c41c80eeba2523361b8cddc0babef6793e94b4b9a2449c30491ba"", ""config/xgboost_hyperparameter_grid.yml"": ""bd77bebd7233cb643bb0ab622229eaa0ee797d43cc6e108a742156ea7057421d""}"
4,2011-2012,model0_paired_combined,elastic_net,elastic_net_0002,0.2330266175420105,0.016239589894919,2005-2006;2007-2008;2009-2010;2013-2014;2015-2016;2017-2018,"{""C"": 0.01, ""class_weight"": null, ""l1_ratio"": 0.0, ""max_iter"": 5000, ""solver"": ""saga"", ""tol"": 0.0001}",13662,2294,239,0.0919080397771667,"{""config/cycle_folds.yml"": ""83989a1e6d8482f886ad95fae273aad3a7017a463d085f3c68923110a1cde427"", ""config/elastic_net_hyperparameter_grid.yml"": ""369ef395cc6e675b3916c743deb4af4d89cdfd7b28323cefaa2c76f002844941"", ""config/frozen_variable_specification.yml"": ""81ece6c7a190957024d3a0b87a06249e6b07d2aee86a4f6f5463f066888d0208"", ""config/temporal_validation_locked.yml"": ""6883ae0bb61c41c80eeba2523361b8cddc0babef6793e94b4b9a2449c30491ba"", ""config/xgboost_hyperparameter_grid.yml"": ""bd77bebd7233cb643bb0ab622229eaa0ee797d43cc6e108a742156ea7057421d""}"
4,2011-2012,model0_paired_metabolic,elastic_net,elastic_net_0002,0.2330266175420105,0.016239589894919,2005-2006;2007-2008;2009-2010;2013-2014;2015-2016;2017-2018,"{""C"": 0.01, ""class_weight"": null, ""l1_ratio"": 0.0, ""max_iter"": 5000, ""solver"": ""saga"", ""tol"": 0.0001}",13662,2294,239,0.0919080397771667,"{""config/cycle_folds.yml"": ""83989a1e6d8482f886ad95fae273aad3a7017a463d085f3c68923110a1cde427"", ""config/elastic_net_hyperparameter_grid.yml"": ""369ef395cc6e675b3916c743deb4af4d89cdfd7b28323cefaa2c76f002844941"", ""config/frozen_variable_specification.yml"": ""81ece6c7a190957024d3a0b87a06249e6b07d2aee86a4f6f5463f066888d0208"", ""config/temporal_validation_locked.yml"": ""6883ae0bb61c41c80eeba2523361b8cddc0babef6793e94b4b9a2449c30491ba"", ""config/xgboost_hyperparameter_grid.yml"": ""bd77bebd7233cb643bb0ab622229eaa0ee797d43cc6e108a742156ea7057421d""}"
4,2011-2012,model1_renal,elastic_net,elastic_net_0001,0.2234753631163372,0.0086351050638718,2005-2006;2007-2008;2009-2010;2013-2014;2015-2016;2017-2018,"{""C"": 0.003, ""class_weight"": null, ""l1_ratio"": 0.0, ""max_iter"": 5000, ""solver"": ""saga"", ""tol"": 0.0001}",32222,5260,550,0.0818643566638287,"{""config/cycle_folds.yml"": ""83989a1e6d8482f886ad95fae273aad3a7017a463d085f3c68923110a1cde427"", ""config/elastic_net_hyperparameter_grid.yml"": ""369ef395cc6e675b3916c743deb4af4d89cdfd7b28323cefaa2c76f002844941"", ""config/frozen_variable_specification.yml"": ""81ece6c7a190957024d3a0b87a06249e6b07d2aee86a4f6f5463f066888d0208"", ""config/temporal_validation_locked.yml"": ""6883ae0bb61c41c80eeba2523361b8cddc0babef6793e94b4b9a2449c30491ba"", ""config/xgboost_hyperparameter_grid.yml"": ""bd77bebd7233cb643bb0ab622229eaa0ee797d43cc6e108a742156ea7057421d""}"
4,2011-2012,model2_metabolic,elastic_net,elastic_net_0003,0.2325511549197022,0.0165485399291145,2005-2006;2007-2008;2009-2010;2013-2014;2015-2016;2017-2018,"{""C"": 0.03, ""class_weight"": null, ""l1_ratio"": 0.0, ""max_iter"": 5000, ""solver"": ""saga"", ""tol"": 0.0001}",13662,2294,239,0.0919292485841049,"{""config/cycle_folds.yml"": ""83989a1e6d8482f886ad95fae273aad3a7017a463d085f3c68923110a1cde427"", ""config/elastic_net_hyperparameter_grid.yml"": ""369ef395cc6e675b3916c743deb4af4d89cdfd7b28323cefaa2c76f002844941"", ""config/frozen_variable_specification.yml"": ""81ece6c7a190957024d3a0b87a06249e6b07d2aee86a4f6f5463f066888d0208"", ""config/temporal_validation_locked.yml"": ""6883ae0bb61c41c80eeba2523361b8cddc0babef6793e94b4b9a2449c30491ba"", ""config/xgboost_hyperparameter_grid.yml"": ""bd77bebd7233cb643bb0ab622229eaa0ee797d43cc6e108a742156ea7057421d""}"
4,2011-2012,model3_inflammatory,elastic_net,elastic_net_0001,0.2256377424064806,0.0085263085192739,2005-2006;2007-2008;2009-2010;2013-2014;2015-2016;2017-2018,"{""C"": 0.003, ""class_weight"": null, ""l1_ratio"": 0.0, ""max_iter"": 5000, ""solver"": ""saga"", ""tol"": 0.0001}",32222,5260,550,0.0978531851920428,"{""config/cycle_folds.yml"": ""83989a1e6d8482f886ad95fae273aad3a7017a463d085f3c68923110a1cde427"", ""config/elastic_net_hyperparameter_grid.yml"": ""369ef395cc6e675b3916c743deb4af4d89cdfd7b28323cefaa2c76f002844941"", ""config/frozen_variable_specification.yml"": ""81ece6c7a190957024d3a0b87a06249e6b07d2aee86a4f6f5463f066888d0208"", ""config/temporal_validation_locked.yml"": ""6883ae0bb61c41c80eeba2523361b8cddc0babef6793e94b4b9a2449c30491ba"", ""config/xgboost_hyperparameter_grid.yml"": ""bd77bebd7233cb643bb0ab622229eaa0ee797d43cc6e108a742156ea7057421d""}"
4,2011-2012,model4_combined,elastic_net,elastic_net_0003,0.2286813037719876,0.0161889676714333,2005-2006;2007-2008;2009-2010;2013-2014;2015-2016;2017-2018,"{""C"": 0.03, ""class_weight"": null, ""l1_ratio"": 0.0, ""max_iter"": 5000, ""solver"": ""saga"", ""tol"": 0.0001}",13662,2294,239,0.0941169781223495,"{""config/cycle_folds.yml"": ""83989a1e6d8482f886ad95fae273aad3a7017a463d085f3c68923110a1cde427"", ""config/elastic_net_hyperparameter_grid.yml"": ""369ef395cc6e675b3916c743deb4af4d89cdfd7b28323cefaa2c76f002844941"", ""config/frozen_variable_specification.yml"": ""81ece6c7a190957024d3a0b87a06249e6b07d2aee86a4f6f5463f066888d0208"", ""config/temporal_validation_locked.yml"": ""6883ae0bb61c41c80eeba2523361b8cddc0babef6793e94b4b9a2449c30491ba"", ""config/xgboost_hyperparameter_grid.yml"": ""bd77bebd7233cb643bb0ab622229eaa0ee797d43cc6e108a742156ea7057421d""}"
5,2013-2014,model0_core,elastic_net,elastic_net_0001,0.2261101905643768,0.0081475754968249,2005-2006;2007-2008;2009-2010;2011-2012;2015-2016;2017-2018,"{""C"": 0.003, ""class_weight"": null, ""l1_ratio"": 0.0, ""max_iter"": 5000, ""solver"": ""saga"", ""tol"": 0.0001}",31960,5522,573,0.0802230368815226,"{""config/cycle_folds.yml"": ""83989a1e6d8482f886ad95fae273aad3a7017a463d085f3c68923110a1cde427"", ""config/elastic_net_hyperparameter_grid.yml"": ""369ef395cc6e675b3916c743deb4af4d89cdfd7b28323cefaa2c76f002844941"", ""config/frozen_variable_specification.yml"": ""81ece6c7a190957024d3a0b87a06249e6b07d2aee86a4f6f5463f066888d0208"", ""config/temporal_validation_locked.yml"": ""6883ae0bb61c41c80eeba2523361b8cddc0babef6793e94b4b9a2449c30491ba"", ""config/xgboost_hyperparameter_grid.yml"": ""bd77bebd7233cb643bb0ab622229eaa0ee797d43cc6e108a742156ea7057421d""}"
5,2013-2014,model0_paired_combined,elastic_net,elastic_net_0003,0.2379200191715182,0.0155121035634472,2005-2006;2007-2008;2009-2010;2011-2012;2015-2016;2017-2018,"{""C"": 0.03, ""class_weight"": null, ""l1_ratio"": 0.0, ""max_iter"": 5000, ""solver"": ""saga"", ""tol"": 0.0001}",13586,2370,244,0.0824843063414012,"{""config/cycle_folds.yml"": ""83989a1e6d8482f886ad95fae273aad3a7017a463d085f3c68923110a1cde427"", ""config/elastic_net_hyperparameter_grid.yml"": ""369ef395cc6e675b3916c743deb4af4d89cdfd7b28323cefaa2c76f002844941"", ""config/frozen_variable_specification.yml"": ""81ece6c7a190957024d3a0b87a06249e6b07d2aee86a4f6f5463f066888d0208"", ""config/temporal_validation_locked.yml"": ""6883ae0bb61c41c80eeba2523361b8cddc0babef6793e94b4b9a2449c30491ba"", ""config/xgboost_hyperparameter_grid.yml"": ""bd77bebd7233cb643bb0ab622229eaa0ee797d43cc6e108a742156ea7057421d""}"
5,2013-2014,model0_paired_metabolic,elastic_net,elastic_net_0003,0.2379200191715182,0.0155121035634472,2005-2006;2007-2008;2009-2010;2011-2012;2015-2016;2017-2018,"{""C"": 0.03, ""class_weight"": null, ""l1_ratio"": 0.0, ""max_iter"": 5000, ""solver"": ""saga"", ""tol"": 0.0001}",13586,2370,244,0.0824843063414012,"{""config/cycle_folds.yml"": ""83989a1e6d8482f886ad95fae273aad3a7017a463d085f3c68923110a1cde427"", ""config/elastic_net_hyperparameter_grid.yml"": ""369ef395cc6e675b3916c743deb4af4d89cdfd7b28323cefaa2c76f002844941"", ""config/frozen_variable_specification.yml"": ""81ece6c7a190957024d3a0b87a06249e6b07d2aee86a4f6f5463f066888d0208"", ""config/temporal_validation_locked.yml"": ""6883ae0bb61c41c80eeba2523361b8cddc0babef6793e94b4b9a2449c30491ba"", ""config/xgboost_hyperparameter_grid.yml"": ""bd77bebd7233cb643bb0ab622229eaa0ee797d43cc6e108a742156ea7057421d""}"
5,2013-2014,model1_renal,elastic_net,elastic_net_0001,0.22363140684997,0.0084363187320043,2005-2006;2007-2008;2009-2010;2011-2012;2015-2016;2017-2018,"{""C"": 0.003, ""class_weight"": null, ""l1_ratio"": 0.0, ""max_iter"": 5000, ""solver"": ""saga"", ""tol"": 0.0001}",31960,5522,573,0.0854781620649969,"{""config/cycle_folds.yml"": ""83989a1e6d8482f886ad95fae273aad3a7017a463d085f3c68923110a1cde427"", ""config/elastic_net_hyperparameter_grid.yml"": ""369ef395cc6e675b3916c743deb4af4d89cdfd7b28323cefaa2c76f002844941"", ""config/frozen_variable_specification.yml"": ""81ece6c7a190957024d3a0b87a06249e6b07d2aee86a4f6f5463f066888d0208"", ""config/temporal_validation_locked.yml"": ""6883ae0bb61c41c80eeba2523361b8cddc0babef6793e94b4b9a2449c30491ba"", ""config/xgboost_hyperparameter_grid.yml"": ""bd77bebd7233cb643bb0ab622229eaa0ee797d43cc6e108a742156ea7057421d""}"
5,2013-2014,model2_metabolic,elastic_net,elastic_net_0000,0.237453419488038,0.0158506012045015,2005-2006;2007-2008;2009-2010;2011-2012;2015-2016;2017-2018,"{""C"": 0.001, ""class_weight"": null, ""l1_ratio"": 0.0, ""max_iter"": 5000, ""solver"": ""saga"", ""tol"": 0.0001}",13586,2370,244,0.0875079836729307,"{""config/cycle_folds.yml"": ""83989a1e6d8482f886ad95fae273aad3a7017a463d085f3c68923110a1cde427"", ""config/elastic_net_hyperparameter_grid.yml"": ""369ef395cc6e675b3916c743deb4af4d89cdfd7b28323cefaa2c76f002844941"", ""config/frozen_variable_specification.yml"": ""81ece6c7a190957024d3a0b87a06249e6b07d2aee86a4f6f5463f066888d0208"", ""config/temporal_validation_locked.yml"": ""6883ae0bb61c41c80eeba2523361b8cddc0babef6793e94b4b9a2449c30491ba"", ""config/xgboost_hyperparameter_grid.yml"": ""bd77bebd7233cb643bb0ab622229eaa0ee797d43cc6e108a742156ea7057421d""}"
5,2013-2014,model3_inflammatory,elastic_net,elastic_net_0001,0.2256596248501254,0.008384154361312,2005-2006;2007-2008;2009-2010;2011-2012;2015-2016;2017-2018,"{""C"": 0.003, ""class_weight"": null, ""l1_ratio"": 0.0, ""max_iter"": 5000, ""solver"": ""saga"", ""tol"": 0.0001}",31960,5522,573,0.0788937594508296,"{""config/cycle_folds.yml"": ""83989a1e6d8482f886ad95fae273aad3a7017a463d085f3c68923110a1cde427"", ""config/elastic_net_hyperparameter_grid.yml"": ""369ef395cc6e675b3916c743deb4af4d89cdfd7b28323cefaa2c76f002844941"", ""config/frozen_variable_specification.yml"": ""81ece6c7a190957024d3a0b87a06249e6b07d2aee86a4f6f5463f066888d0208"", ""config/temporal_validation_locked.yml"": ""6883ae0bb61c41c80eeba2523361b8cddc0babef6793e94b4b9a2449c30491ba"", ""config/xgboost_hyperparameter_grid.yml"": ""bd77bebd7233cb643bb0ab622229eaa0ee797d43cc6e108a742156ea7057421d""}"
5,2013-2014,model4_combined,elastic_net,elastic_net_0005,0.2335159032469485,0.0156863438297118,2005-2006;2007-2008;2009-2010;2011-2012;2015-2016;2017-2018,"{""C"": 0.3, ""class_weight"": null, ""l1_ratio"": 0.0, ""max_iter"": 5000, ""solver"": ""saga"", ""tol"": 0.0001}",13586,2370,244,0.0699988833776292,"{""config/cycle_folds.yml"": ""83989a1e6d8482f886ad95fae273aad3a7017a463d085f3c68923110a1cde427"", ""config/elastic_net_hyperparameter_grid.yml"": ""369ef395cc6e675b3916c743deb4af4d89cdfd7b28323cefaa2c76f002844941"", ""config/frozen_variable_specification.yml"": ""81ece6c7a190957024d3a0b87a06249e6b07d2aee86a4f6f5463f066888d0208"", ""config/temporal_validation_locked.yml"": ""6883ae0bb61c41c80eeba2523361b8cddc0babef6793e94b4b9a2449c30491ba"", ""config/xgboost_hyperparameter_grid.yml"": ""bd77bebd7233cb643bb0ab622229eaa0ee797d43cc6e108a742156ea7057421d""}"
6,2015-2016,model0_core,elastic_net,elastic_net_0000,0.2272957602490199,0.0081001799811444,2005-2006;2007-2008;2009-2010;2011-2012;2013-2014;2017-2018,"{""C"": 0.001, ""class_weight"": null, ""l1_ratio"": 0.0, ""max_iter"": 5000, ""solver"": ""saga"", ""tol"": 0.0001}",32078,5404,597,0.0975552723206133,"{""config/cycle_folds.yml"": ""83989a1e6d8482f886ad95fae273aad3a7017a463d085f3c68923110a1cde427"", ""config/elastic_net_hyperparameter_grid.yml"": ""369ef395cc6e675b3916c743deb4af4d89cdfd7b28323cefaa2c76f002844941"", ""config/frozen_variable_specification.yml"": ""81ece6c7a190957024d3a0b87a06249e6b07d2aee86a4f6f5463f066888d0208"", ""config/temporal_validation_locked.yml"": ""6883ae0bb61c41c80eeba2523361b8cddc0babef6793e94b4b9a2449c30491ba"", ""config/xgboost_hyperparameter_grid.yml"": ""bd77bebd7233cb643bb0ab622229eaa0ee797d43cc6e108a742156ea7057421d""}"
6,2015-2016,model0_paired_combined,elastic_net,elastic_net_0000,0.2365558745680429,0.0173536365549187,2005-2006;2007-2008;2009-2010;2011-2012;2013-2014;2017-2018,"{""C"": 0.001, ""class_weight"": null, ""l1_ratio"": 0.0, ""max_iter"": 5000, ""solver"": ""saga"", ""tol"": 0.0001}",13710,2246,266,0.0886754493841477,"{""config/cycle_folds.yml"": ""83989a1e6d8482f886ad95fae273aad3a7017a463d085f3c68923110a1cde427"", ""config/elastic_net_hyperparameter_grid.yml"": ""369ef395cc6e675b3916c743deb4af4d89cdfd7b28323cefaa2c76f002844941"", ""config/frozen_variable_specification.yml"": ""81ece6c7a190957024d3a0b87a06249e6b07d2aee86a4f6f5463f066888d0208"", ""config/temporal_validation_locked.yml"": ""6883ae0bb61c41c80eeba2523361b8cddc0babef6793e94b4b9a2449c30491ba"", ""config/xgboost_hyperparameter_grid.yml"": ""bd77bebd7233cb643bb0ab622229eaa0ee797d43cc6e108a742156ea7057421d""}"
6,2015-2016,model0_paired_metabolic,elastic_net,elastic_net_0000,0.2365558745680429,0.0173536365549187,2005-2006;2007-2008;2009-2010;2011-2012;2013-2014;2017-2018,"{""C"": 0.001, ""class_weight"": null, ""l1_ratio"": 0.0, ""max_iter"": 5000, ""solver"": ""saga"", ""tol"": 0.0001}",13710,2246,266,0.0886754493841477,"{""config/cycle_folds.yml"": ""83989a1e6d8482f886ad95fae273aad3a7017a463d085f3c68923110a1cde427"", ""config/elastic_net_hyperparameter_grid.yml"": ""369ef395cc6e675b3916c743deb4af4d89cdfd7b28323cefaa2c76f002844941"", ""config/frozen_variable_specification.yml"": ""81ece6c7a190957024d3a0b87a06249e6b07d2aee86a4f6f5463f066888d0208"", ""config/temporal_validation_locked.yml"": ""6883ae0bb61c41c80eeba2523361b8cddc0babef6793e94b4b9a2449c30491ba"", ""config/xgboost_hyperparameter_grid.yml"": ""bd77bebd7233cb643bb0ab622229eaa0ee797d43cc6e108a742156ea7057421d""}"
6,2015-2016,model1_renal,elastic_net,elastic_net_0002,0.2244428117069847,0.0083594923721523,2005-2006;2007-2008;2009-2010;2011-2012;2013-2014;2017-2018,"{""C"": 0.01, ""class_weight"": null, ""l1_ratio"": 0.0, ""max_iter"": 5000, ""solver"": ""saga"", ""tol"": 0.0001}",32078,5404,597,0.0913732204607118,"{""config/cycle_folds.yml"": ""83989a1e6d8482f886ad95fae273aad3a7017a463d085f3c68923110a1cde427"", ""config/elastic_net_hyperparameter_grid.yml"": ""369ef395cc6e675b3916c743deb4af4d89cdfd7b28323cefaa2c76f002844941"", ""config/frozen_variable_specification.yml"": ""81ece6c7a190957024d3a0b87a06249e6b07d2aee86a4f6f5463f066888d0208"", ""config/temporal_validation_locked.yml"": ""6883ae0bb61c41c80eeba2523361b8cddc0babef6793e94b4b9a2449c30491ba"", ""config/xgboost_hyperparameter_grid.yml"": ""bd77bebd7233cb643bb0ab622229eaa0ee797d43cc6e108a742156ea7057421d""}"
6,2015-2016,model2_metabolic,elastic_net,elastic_net_0002,0.2361584057491002,0.0175625137483595,2005-2006;2007-2008;2009-2010;2011-2012;2013-2014;2017-2018,"{""C"": 0.01, ""class_weight"": null, ""l1_ratio"": 0.0, ""max_iter"": 5000, ""solver"": ""saga"", ""tol"": 0.0001}",13710,2246,266,0.0988348984863751,"{""config/cycle_folds.yml"": ""83989a1e6d8482f886ad95fae273aad3a7017a463d085f3c68923110a1cde427"", ""config/elastic_net_hyperparameter_grid.yml"": ""369ef395cc6e675b3916c743deb4af4d89cdfd7b28323cefaa2c76f002844941"", ""config/frozen_variable_specification.yml"": ""81ece6c7a190957024d3a0b87a06249e6b07d2aee86a4f6f5463f066888d0208"", ""config/temporal_validation_locked.yml"": ""6883ae0bb61c41c80eeba2523361b8cddc0babef6793e94b4b9a2449c30491ba"", ""config/xgboost_hyperparameter_grid.yml"": ""bd77bebd7233cb643bb0ab622229eaa0ee797d43cc6e108a742156ea7057421d""}"
6,2015-2016,model3_inflammatory,elastic_net,elastic_net_0005,0.2268617771940755,0.0082662213804204,2005-2006;2007-2008;2009-2010;2011-2012;2013-2014;2017-2018,"{""C"": 0.3, ""class_weight"": null, ""l1_ratio"": 0.0, ""max_iter"": 5000, ""solver"": ""saga"", ""tol"": 0.0001}",32078,5404,597,0.1002036368808798,"{""config/cycle_folds.yml"": ""83989a1e6d8482f886ad95fae273aad3a7017a463d085f3c68923110a1cde427"", ""config/elastic_net_hyperparameter_grid.yml"": ""369ef395cc6e675b3916c743deb4af4d89cdfd7b28323cefaa2c76f002844941"", ""config/frozen_variable_specification.yml"": ""81ece6c7a190957024d3a0b87a06249e6b07d2aee86a4f6f5463f066888d0208"", ""config/temporal_validation_locked.yml"": ""6883ae0bb61c41c80eeba2523361b8cddc0babef6793e94b4b9a2449c30491ba"", ""config/xgboost_hyperparameter_grid.yml"": ""bd77bebd7233cb643bb0ab622229eaa0ee797d43cc6e108a742156ea7057421d""}"
6,2015-2016,model4_combined,elastic_net,elastic_net_0000,0.2324240987178999,0.0170600940599288,2005-2006;2007-2008;2009-2010;2011-2012;2013-2014;2017-2018,"{""C"": 0.001, ""class_weight"": null, ""l1_ratio"": 0.0, ""max_iter"": 5000, ""solver"": ""saga"", ""tol"": 0.0001}",13710,2246,266,0.085253973854895,"{""config/cycle_folds.yml"": ""83989a1e6d8482f886ad95fae273aad3a7017a463d085f3c68923110a1cde427"", ""config/elastic_net_hyperparameter_grid.yml"": ""369ef395cc6e675b3916c743deb4af4d89cdfd7b28323cefaa2c76f002844941"", ""config/frozen_variable_specification.yml"": ""81ece6c7a190957024d3a0b87a06249e6b07d2aee86a4f6f5463f066888d0208"", ""config/temporal_validation_locked.yml"": ""6883ae0bb61c41c80eeba2523361b8cddc0babef6793e94b4b9a2449c30491ba"", ""config/xgboost_hyperparameter_grid.yml"": ""bd77bebd7233cb643bb0ab622229eaa0ee797d43cc6e108a742156ea7057421d""}"
7,2017-2018,model0_core,elastic_net,elastic_net_0000,0.2242582241014148,0.0051540367361188,2005-2006;2007-2008;2009-2010;2011-2012;2013-2014;2015-2016,"{""C"": 0.001, ""class_weight"": null, ""l1_ratio"": 0.0, ""max_iter"": 5000, ""solver"": ""saga"", ""tol"": 0.0001}",32273,5209,646,0.0963689903679444,"{""config/cycle_folds.yml"": ""83989a1e6d8482f886ad95fae273aad3a7017a463d085f3c68923110a1cde427"", ""config/elastic_net_hyperparameter_grid.yml"": ""369ef395cc6e675b3916c743deb4af4d89cdfd7b28323cefaa2c76f002844941"", ""config/frozen_variable_specification.yml"": ""81ece6c7a190957024d3a0b87a06249e6b07d2aee86a4f6f5463f066888d0208"", ""config/temporal_validation_locked.yml"": ""6883ae0bb61c41c80eeba2523361b8cddc0babef6793e94b4b9a2449c30491ba"", ""config/xgboost_hyperparameter_grid.yml"": ""bd77bebd7233cb643bb0ab622229eaa0ee797d43cc6e108a742156ea7057421d""}"
7,2017-2018,model0_paired_combined,elastic_net,elastic_net_0008,0.2316649068981623,0.014261881878269,2005-2006;2007-2008;2009-2010;2011-2012;2013-2014;2015-2016,"{""C"": 10.0, ""class_weight"": null, ""l1_ratio"": 0.0, ""max_iter"": 5000, ""solver"": ""saga"", ""tol"": 0.0001}",13677,2279,287,0.0831941205470357,"{""config/cycle_folds.yml"": ""83989a1e6d8482f886ad95fae273aad3a7017a463d085f3c68923110a1cde427"", ""config/elastic_net_hyperparameter_grid.yml"": ""369ef395cc6e675b3916c743deb4af4d89cdfd7b28323cefaa2c76f002844941"", ""config/frozen_variable_specification.yml"": ""81ece6c7a190957024d3a0b87a06249e6b07d2aee86a4f6f5463f066888d0208"", ""config/temporal_validation_locked.yml"": ""6883ae0bb61c41c80eeba2523361b8cddc0babef6793e94b4b9a2449c30491ba"", ""config/xgboost_hyperparameter_grid.yml"": ""bd77bebd7233cb643bb0ab622229eaa0ee797d43cc6e108a742156ea7057421d""}"
7,2017-2018,model0_paired_metabolic,elastic_net,elastic_net_0008,0.2316649068981623,0.014261881878269,2005-2006;2007-2008;2009-2010;2011-2012;2013-2014;2015-2016,"{""C"": 10.0, ""class_weight"": null, ""l1_ratio"": 0.0, ""max_iter"": 5000, ""solver"": ""saga"", ""tol"": 0.0001}",13677,2279,287,0.0831941205470357,"{""config/cycle_folds.yml"": ""83989a1e6d8482f886ad95fae273aad3a7017a463d085f3c68923110a1cde427"", ""config/elastic_net_hyperparameter_grid.yml"": ""369ef395cc6e675b3916c743deb4af4d89cdfd7b28323cefaa2c76f002844941"", ""config/frozen_variable_specification.yml"": ""81ece6c7a190957024d3a0b87a06249e6b07d2aee86a4f6f5463f066888d0208"", ""config/temporal_validation_locked.yml"": ""6883ae0bb61c41c80eeba2523361b8cddc0babef6793e94b4b9a2449c30491ba"", ""config/xgboost_hyperparameter_grid.yml"": ""bd77bebd7233cb643bb0ab622229eaa0ee797d43cc6e108a742156ea7057421d""}"
7,2017-2018,model1_renal,elastic_net,elastic_net_0001,0.221184618126657,0.004052460626133,2005-2006;2007-2008;2009-2010;2011-2012;2013-2014;2015-2016,"{""C"": 0.003, ""class_weight"": null, ""l1_ratio"": 0.0, ""max_iter"": 5000, ""solver"": ""saga"", ""tol"": 0.0001}",32273,5209,646,0.0765851190946296,"{""config/cycle_folds.yml"": ""83989a1e6d8482f886ad95fae273aad3a7017a463d085f3c68923110a1cde427"", ""config/elastic_net_hyperparameter_grid.yml"": ""369ef395cc6e675b3916c743deb4af4d89cdfd7b28323cefaa2c76f002844941"", ""config/frozen_variable_specification.yml"": ""81ece6c7a190957024d3a0b87a06249e6b07d2aee86a4f6f5463f066888d0208"", ""config/temporal_validation_locked.yml"": ""6883ae0bb61c41c80eeba2523361b8cddc0babef6793e94b4b9a2449c30491ba"", ""config/xgboost_hyperparameter_grid.yml"": ""bd77bebd7233cb643bb0ab622229eaa0ee797d43cc6e108a742156ea7057421d""}"
7,2017-2018,model2_metabolic,elastic_net,elastic_net_0000,0.2309794665595848,0.0140936261351479,2005-2006;2007-2008;2009-2010;2011-2012;2013-2014;2015-2016,"{""C"": 0.001, ""class_weight"": null, ""l1_ratio"": 0.0, ""max_iter"": 5000, ""solver"": ""saga"", ""tol"": 0.0001}",13677,2279,287,0.0887777013798722,"{""config/cycle_folds.yml"": ""83989a1e6d8482f886ad95fae273aad3a7017a463d085f3c68923110a1cde427"", ""config/elastic_net_hyperparameter_grid.yml"": ""369ef395cc6e675b3916c743deb4af4d89cdfd7b28323cefaa2c76f002844941"", ""config/frozen_variable_specification.yml"": ""81ece6c7a190957024d3a0b87a06249e6b07d2aee86a4f6f5463f066888d0208"", ""config/temporal_validation_locked.yml"": ""6883ae0bb61c41c80eeba2523361b8cddc0babef6793e94b4b9a2449c30491ba"", ""config/xgboost_hyperparameter_grid.yml"": ""bd77bebd7233cb643bb0ab622229eaa0ee797d43cc6e108a742156ea7057421d""}"
7,2017-2018,model3_inflammatory,elastic_net,elastic_net_0001,0.2236327382478674,0.0049479069789382,2005-2006;2007-2008;2009-2010;2011-2012;2013-2014;2015-2016,"{""C"": 0.003, ""class_weight"": null, ""l1_ratio"": 0.0, ""max_iter"": 5000, ""solver"": ""saga"", ""tol"": 0.0001}",32273,5209,646,0.0962067666915939,"{""config/cycle_folds.yml"": ""83989a1e6d8482f886ad95fae273aad3a7017a463d085f3c68923110a1cde427"", ""config/elastic_net_hyperparameter_grid.yml"": ""369ef395cc6e675b3916c743deb4af4d89cdfd7b28323cefaa2c76f002844941"", ""config/frozen_variable_specification.yml"": ""81ece6c7a190957024d3a0b87a06249e6b07d2aee86a4f6f5463f066888d0208"", ""config/temporal_validation_locked.yml"": ""6883ae0bb61c41c80eeba2523361b8cddc0babef6793e94b4b9a2449c30491ba"", ""config/xgboost_hyperparameter_grid.yml"": ""bd77bebd7233cb643bb0ab622229eaa0ee797d43cc6e108a742156ea7057421d""}"
7,2017-2018,model4_combined,elastic_net,elastic_net_0004,0.2268309472205567,0.0125957021050599,2005-2006;2007-2008;2009-2010;2011-2012;2013-2014;2015-2016,"{""C"": 0.1, ""class_weight"": null, ""l1_ratio"": 0.0, ""max_iter"": 5000, ""solver"": ""saga"", ""tol"": 0.0001}",13677,2279,287,0.1064471247591267,"{""config/cycle_folds.yml"": ""83989a1e6d8482f886ad95fae273aad3a7017a463d085f3c68923110a1cde427"", ""config/elastic_net_hyperparameter_grid.yml"": ""369ef395cc6e675b3916c743deb4af4d89cdfd7b28323cefaa2c76f002844941"", ""config/frozen_variable_specification.yml"": ""81ece6c7a190957024d3a0b87a06249e6b07d2aee86a4f6f5463f066888d0208"", ""config/temporal_validation_locked.yml"": ""6883ae0bb61c41c80eeba2523361b8cddc0babef6793e94b4b9a2449c30491ba"", ""config/xgboost_hyperparameter_grid.yml"": ""bd77bebd7233cb643bb0ab622229eaa0ee797d43cc6e108a742156ea7057421d""}"
1,2005-2006,model0_core,xgboost,xgboost_0133,0.22380519150374925,0.009191504471385122,2007-2008;2009-2010;2011-2012;2013-2014;2015-2016;2017-2018,"{""colsample_bytree"": 1.0, ""learning_rate"": 0.03, ""max_depth"": 3, ""min_child_weight"": 5, ""n_estimators"": 200, ""reg_alpha"": 0.1, ""reg_lambda"": 1, ""scale_pos_weight"": 1, ""subsample"": 0.8}",33034,4448,533,0.09831517934799194,"{""config/cycle_folds.yml"": ""83989a1e6d8482f886ad95fae273aad3a7017a463d085f3c68923110a1cde427"", ""config/elastic_net_hyperparameter_grid.yml"": ""369ef395cc6e675b3916c743deb4af4d89cdfd7b28323cefaa2c76f002844941"", ""config/frozen_variable_specification.yml"": ""81ece6c7a190957024d3a0b87a06249e6b07d2aee86a4f6f5463f066888d0208"", ""config/temporal_validation_locked.yml"": ""6883ae0bb61c41c80eeba2523361b8cddc0babef6793e94b4b9a2449c30491ba"", ""config/xgboost_hyperparameter_grid.yml"": ""bd77bebd7233cb643bb0ab622229eaa0ee797d43cc6e108a742156ea7057421d""}"
1,2005-2006,model0_paired_combined,xgboost,xgboost_0078,0.23276235151223576,0.01882491514990578,2007-2008;2009-2010;2011-2012;2013-2014;2015-2016;2017-2018,"{""colsample_bytree"": 0.8, ""learning_rate"": 0.03, ""max_depth"": 2, ""min_child_weight"": 5, ""n_estimators"": 500, ""reg_alpha"": 0, ""reg_lambda"": 1, ""scale_pos_weight"": 1, ""subsample"": 1.0}",14120,1836,216,0.09824226051568985,"{""config/cycle_folds.yml"": ""83989a1e6d8482f886ad95fae273aad3a7017a463d085f3c68923110a1cde427"", ""config/elastic_net_hyperparameter_grid.yml"": ""369ef395cc6e675b3916c743deb4af4d89cdfd7b28323cefaa2c76f002844941"", ""config/frozen_variable_specification.yml"": ""81ece6c7a190957024d3a0b87a06249e6b07d2aee86a4f6f5463f066888d0208"", ""config/temporal_validation_locked.yml"": ""6883ae0bb61c41c80eeba2523361b8cddc0babef6793e94b4b9a2449c30491ba"", ""config/xgboost_hyperparameter_grid.yml"": ""bd77bebd7233cb643bb0ab622229eaa0ee797d43cc6e108a742156ea7057421d""}"
1,2005-2006,model0_paired_metabolic,xgboost,xgboost_0078,0.23276235151223576,0.01882491514990578,2007-2008;2009-2010;2011-2012;2013-2014;2015-2016;2017-2018,"{""colsample_bytree"": 0.8, ""learning_rate"": 0.03, ""max_depth"": 2, ""min_child_weight"": 5, ""n_estimators"": 500, ""reg_alpha"": 0, ""reg_lambda"": 1, ""scale_pos_weight"": 1, ""subsample"": 1.0}",14120,1836,216,0.09824226051568985,"{""config/cycle_folds.yml"": ""83989a1e6d8482f886ad95fae273aad3a7017a463d085f3c68923110a1cde427"", ""config/elastic_net_hyperparameter_grid.yml"": ""369ef395cc6e675b3916c743deb4af4d89cdfd7b28323cefaa2c76f002844941"", ""config/frozen_variable_specification.yml"": ""81ece6c7a190957024d3a0b87a06249e6b07d2aee86a4f6f5463f066888d0208"", ""config/temporal_validation_locked.yml"": ""6883ae0bb61c41c80eeba2523361b8cddc0babef6793e94b4b9a2449c30491ba"", ""config/xgboost_hyperparameter_grid.yml"": ""bd77bebd7233cb643bb0ab622229eaa0ee797d43cc6e108a742156ea7057421d""}"
1,2005-2006,model1_renal,xgboost,xgboost_0196,0.22199570098246016,0.010076611624361367,2007-2008;2009-2010;2011-2012;2013-2014;2015-2016;2017-2018,"{""colsample_bytree"": 0.8, ""learning_rate"": 0.03, ""max_depth"": 3, ""min_child_weight"": 5, ""n_estimators"": 500, ""reg_alpha"": 0.1, ""reg_lambda"": 1, ""scale_pos_weight"": 1, ""subsample"": 0.8}",33034,4448,533,0.09162670373916626,"{""config/cycle_folds.yml"": ""83989a1e6d8482f886ad95fae273aad3a7017a463d085f3c68923110a1cde427"", ""config/elastic_net_hyperparameter_grid.yml"": ""369ef395cc6e675b3916c743deb4af4d89cdfd7b28323cefaa2c76f002844941"", ""config/frozen_variable_specification.yml"": ""81ece6c7a190957024d3a0b87a06249e6b07d2aee86a4f6f5463f066888d0208"", ""config/temporal_validation_locked.yml"": ""6883ae0bb61c41c80eeba2523361b8cddc0babef6793e94b4b9a2449c30491ba"", ""config/xgboost_hyperparameter_grid.yml"": ""bd77bebd7233cb643bb0ab622229eaa0ee797d43cc6e108a742156ea7057421d""}"
1,2005-2006,model2_metabolic,xgboost,xgboost_0065,0.23252047193625436,0.01958001398657889,2007-2008;2009-2010;2011-2012;2013-2014;2015-2016;2017-2018,"{""colsample_bytree"": 1.0, ""learning_rate"": 0.03, ""max_depth"": 2, ""min_child_weight"": 5, ""n_estimators"": 500, ""reg_alpha"": 0.1, ""reg_lambda"": 5, ""scale_pos_weight"": 1, ""subsample"": 0.8}",14120,1836,216,0.10122106969356537,"{""config/cycle_folds.yml"": ""83989a1e6d8482f886ad95fae273aad3a7017a463d085f3c68923110a1cde427"", ""config/elastic_net_hyperparameter_grid.yml"": ""369ef395cc6e675b3916c743deb4af4d89cdfd7b28323cefaa2c76f002844941"", ""config/frozen_variable_specification.yml"": ""81ece6c7a190957024d3a0b87a06249e6b07d2aee86a4f6f5463f066888d0208"", ""config/temporal_validation_locked.yml"": ""6883ae0bb61c41c80eeba2523361b8cddc0babef6793e94b4b9a2449c30491ba"", ""config/xgboost_hyperparameter_grid.yml"": ""bd77bebd7233cb643bb0ab622229eaa0ee797d43cc6e108a742156ea7057421d""}"
1,2005-2006,model3_inflammatory,xgboost,xgboost_0137,0.2237368083399304,0.00938639666353365,2007-2008;2009-2010;2011-2012;2013-2014;2015-2016;2017-2018,"{""colsample_bytree"": 1.0, ""learning_rate"": 0.03, ""max_depth"": 3, ""min_child_weight"": 5, ""n_estimators"": 200, ""reg_alpha"": 0, ""reg_lambda"": 5, ""scale_pos_weight"": 1, ""subsample"": 0.8}",33034,4448,533,0.08740578591823578,"{""config/cycle_folds.yml"": ""83989a1e6d8482f886ad95fae273aad3a7017a463d085f3c68923110a1cde427"", ""config/elastic_net_hyperparameter_grid.yml"": ""369ef395cc6e675b3916c743deb4af4d89cdfd7b28323cefaa2c76f002844941"", ""config/frozen_variable_specification.yml"": ""81ece6c7a190957024d3a0b87a06249e6b07d2aee86a4f6f5463f066888d0208"", ""config/temporal_validation_locked.yml"": ""6883ae0bb61c41c80eeba2523361b8cddc0babef6793e94b4b9a2449c30491ba"", ""config/xgboost_hyperparameter_grid.yml"": ""bd77bebd7233cb643bb0ab622229eaa0ee797d43cc6e108a742156ea7057421d""}"
1,2005-2006,model4_combined,xgboost,xgboost_0137,0.23029422995910728,0.021289978983743837,2007-2008;2009-2010;2011-2012;2013-2014;2015-2016;2017-2018,"{""colsample_bytree"": 1.0, ""learning_rate"": 0.03, ""max_depth"": 3, ""min_child_weight"": 5, ""n_estimators"": 200, ""reg_alpha"": 0, ""reg_lambda"": 5, ""scale_pos_weight"": 1, ""subsample"": 0.8}",14120,1836,216,0.1017952635884285,"{""config/cycle_folds.yml"": ""83989a1e6d8482f886ad95fae273aad3a7017a463d085f3c68923110a1cde427"", ""config/elastic_net_hyperparameter_grid.yml"": ""369ef395cc6e675b3916c743deb4af4d89cdfd7b28323cefaa2c76f002844941"", ""config/frozen_variable_specification.yml"": ""81ece6c7a190957024d3a0b87a06249e6b07d2aee86a4f6f5463f066888d0208"", ""config/temporal_validation_locked.yml"": ""6883ae0bb61c41c80eeba2523361b8cddc0babef6793e94b4b9a2449c30491ba"", ""config/xgboost_hyperparameter_grid.yml"": ""bd77bebd7233cb643bb0ab622229eaa0ee797d43cc6e108a742156ea7057421d""}"
2,2007-2008,model0_core,xgboost,xgboost_0137,0.22582608902297588,0.008578391984082829,2005-2006;2009-2010;2011-2012;2013-2014;2015-2016;2017-2018,"{""colsample_bytree"": 1.0, ""learning_rate"": 0.03, ""max_depth"": 3, ""min_child_weight"": 5, ""n_estimators"": 200, ""reg_alpha"": 0, ""reg_lambda"": 5, ""scale_pos_weight"": 1, ""subsample"": 0.8}",31833,5649,677,0.09762994199991226,"{""config/cycle_folds.yml"": ""83989a1e6d8482f886ad95fae273aad3a7017a463d085f3c68923110a1cde427"", ""config/elastic_net_hyperparameter_grid.yml"": ""369ef395cc6e675b3916c743deb4af4d89cdfd7b28323cefaa2c76f002844941"", ""config/frozen_variable_specification.yml"": ""81ece6c7a190957024d3a0b87a06249e6b07d2aee86a4f6f5463f066888d0208"", ""config/temporal_validation_locked.yml"": ""6883ae0bb61c41c80eeba2523361b8cddc0babef6793e94b4b9a2449c30491ba"", ""config/xgboost_hyperparameter_grid.yml"": ""bd77bebd7233cb643bb0ab622229eaa0ee797d43cc6e108a742156ea7057421d""}"
2,2007-2008,model0_paired_combined,xgboost,xgboost_0067,0.23752203420361304,0.018537991253068827,2005-2006;2009-2010;2011-2012;2013-2014;2015-2016;2017-2018,"{""colsample_bytree"": 1.0, ""learning_rate"": 0.03, ""max_depth"": 2, ""min_child_weight"": 5, ""n_estimators"": 500, ""reg_alpha"": 0.1, ""reg_lambda"": 5, ""scale_pos_weight"": 1, ""subsample"": 1.0}",13619,2337,288,0.10559011995792389,"{""config/cycle_folds.yml"": ""83989a1e6d8482f886ad95fae273aad3a7017a463d085f3c68923110a1cde427"", ""config/elastic_net_hyperparameter_grid.yml"": ""369ef395cc6e675b3916c743deb4af4d89cdfd7b28323cefaa2c76f002844941"", ""config/frozen_variable_specification.yml"": ""81ece6c7a190957024d3a0b87a06249e6b07d2aee86a4f6f5463f066888d0208"", ""config/temporal_validation_locked.yml"": ""6883ae0bb61c41c80eeba2523361b8cddc0babef6793e94b4b9a2449c30491ba"", ""config/xgboost_hyperparameter_grid.yml"": ""bd77bebd7233cb643bb0ab622229eaa0ee797d43cc6e108a742156ea7057421d""}"
2,2007-2008,model0_paired_metabolic,xgboost,xgboost_0067,0.23752203420361304,0.018537991253068827,2005-2006;2009-2010;2011-2012;2013-2014;2015-2016;2017-2018,"{""colsample_bytree"": 1.0, ""learning_rate"": 0.03, ""max_depth"": 2, ""min_child_weight"": 5, ""n_estimators"": 500, ""reg_alpha"": 0.1, ""reg_lambda"": 5, ""scale_pos_weight"": 1, ""subsample"": 1.0}",13619,2337,288,0.10559011995792389,"{""config/cycle_folds.yml"": ""83989a1e6d8482f886ad95fae273aad3a7017a463d085f3c68923110a1cde427"", ""config/elastic_net_hyperparameter_grid.yml"": ""369ef395cc6e675b3916c743deb4af4d89cdfd7b28323cefaa2c76f002844941"", ""config/frozen_variable_specification.yml"": ""81ece6c7a190957024d3a0b87a06249e6b07d2aee86a4f6f5463f066888d0208"", ""config/temporal_validation_locked.yml"": ""6883ae0bb61c41c80eeba2523361b8cddc0babef6793e94b4b9a2449c30491ba"", ""config/xgboost_hyperparameter_grid.yml"": ""bd77bebd7233cb643bb0ab622229eaa0ee797d43cc6e108a742156ea7057421d""}"
2,2007-2008,model1_renal,xgboost,xgboost_0128,0.22362908136414392,0.008660170314883949,2005-2006;2009-2010;2011-2012;2013-2014;2015-2016;2017-2018,"{""colsample_bytree"": 0.8, ""learning_rate"": 0.03, ""max_depth"": 3, ""min_child_weight"": 5, ""n_estimators"": 200, ""reg_alpha"": 0.1, ""reg_lambda"": 5, ""scale_pos_weight"": 1, ""subsample"": 0.8}",31833,5649,677,0.09905826300382614,"{""config/cycle_folds.yml"": ""83989a1e6d8482f886ad95fae273aad3a7017a463d085f3c68923110a1cde427"", ""config/elastic_net_hyperparameter_grid.yml"": ""369ef395cc6e675b3916c743deb4af4d89cdfd7b28323cefaa2c76f002844941"", ""config/frozen_variable_specification.yml"": ""81ece6c7a190957024d3a0b87a06249e6b07d2aee86a4f6f5463f066888d0208"", ""config/temporal_validation_locked.yml"": ""6883ae0bb61c41c80eeba2523361b8cddc0babef6793e94b4b9a2449c30491ba"", ""config/xgboost_hyperparameter_grid.yml"": ""bd77bebd7233cb643bb0ab622229eaa0ee797d43cc6e108a742156ea7057421d""}"
2,2007-2008,model2_metabolic,xgboost,xgboost_0071,0.23772835400656644,0.018953813615750464,2005-2006;2009-2010;2011-2012;2013-2014;2015-2016;2017-2018,"{""colsample_bytree"": 1.0, ""learning_rate"": 0.03, ""max_depth"": 2, ""min_child_weight"": 5, ""n_estimators"": 500, ""reg_alpha"": 0.1, ""reg_lambda"": 1, ""scale_pos_weight"": 1, ""subsample"": 1.0}",13619,2337,288,0.09701858460903168,"{""config/cycle_folds.yml"": ""83989a1e6d8482f886ad95fae273aad3a7017a463d085f3c68923110a1cde427"", ""config/elastic_net_hyperparameter_grid.yml"": ""369ef395cc6e675b3916c743deb4af4d89cdfd7b28323cefaa2c76f002844941"", ""config/frozen_variable_specification.yml"": ""81ece6c7a190957024d3a0b87a06249e6b07d2aee86a4f6f5463f066888d0208"", ""config/temporal_validation_locked.yml"": ""6883ae0bb61c41c80eeba2523361b8cddc0babef6793e94b4b9a2449c30491ba"", ""config/xgboost_hyperparameter_grid.yml"": ""bd77bebd7233cb643bb0ab622229eaa0ee797d43cc6e108a742156ea7057421d""}"
2,2007-2008,model3_inflammatory,xgboost,xgboost_0137,0.22555799546131738,0.008785163767170224,2005-2006;2009-2010;2011-2012;2013-2014;2015-2016;2017-2018,"{""colsample_bytree"": 1.0, ""learning_rate"": 0.03, ""max_depth"": 3, ""min_child_weight"": 5, ""n_estimators"": 200, ""reg_alpha"": 0, ""reg_lambda"": 5, ""scale_pos_weight"": 1, ""subsample"": 0.8}",31833,5649,677,0.09867678582668304,"{""config/cycle_folds.yml"": ""83989a1e6d8482f886ad95fae273aad3a7017a463d085f3c68923110a1cde427"", ""config/elastic_net_hyperparameter_grid.yml"": ""369ef395cc6e675b3916c743deb4af4d89cdfd7b28323cefaa2c76f002844941"", ""config/frozen_variable_specification.yml"": ""81ece6c7a190957024d3a0b87a06249e6b07d2aee86a4f6f5463f066888d0208"", ""config/temporal_validation_locked.yml"": ""6883ae0bb61c41c80eeba2523361b8cddc0babef6793e94b4b9a2449c30491ba"", ""config/xgboost_hyperparameter_grid.yml"": ""bd77bebd7233cb643bb0ab622229eaa0ee797d43cc6e108a742156ea7057421d""}"
2,2007-2008,model4_combined,xgboost,xgboost_0129,0.23540010954895263,0.019547224911860017,2005-2006;2009-2010;2011-2012;2013-2014;2015-2016;2017-2018,"{""colsample_bytree"": 1.0, ""learning_rate"": 0.03, ""max_depth"": 3, ""min_child_weight"": 5, ""n_estimators"": 200, ""reg_alpha"": 0.1, ""reg_lambda"": 5, ""scale_pos_weight"": 1, ""subsample"": 0.8}",13619,2337,288,0.11203259229660034,"{""config/cycle_folds.yml"": ""83989a1e6d8482f886ad95fae273aad3a7017a463d085f3c68923110a1cde427"", ""config/elastic_net_hyperparameter_grid.yml"": ""369ef395cc6e675b3916c743deb4af4d89cdfd7b28323cefaa2c76f002844941"", ""config/frozen_variable_specification.yml"": ""81ece6c7a190957024d3a0b87a06249e6b07d2aee86a4f6f5463f066888d0208"", ""config/temporal_validation_locked.yml"": ""6883ae0bb61c41c80eeba2523361b8cddc0babef6793e94b4b9a2449c30491ba"", ""config/xgboost_hyperparameter_grid.yml"": ""bd77bebd7233cb643bb0ab622229eaa0ee797d43cc6e108a742156ea7057421d""}"
3,2009-2010,model0_core,xgboost,xgboost_0128,0.2262759719871931,0.007985871189722181,2005-2006;2007-2008;2011-2012;2013-2014;2015-2016;2017-2018,"{""colsample_bytree"": 0.8, ""learning_rate"": 0.03, ""max_depth"": 3, ""min_child_weight"": 5, ""n_estimators"": 200, ""reg_alpha"": 0.1, ""reg_lambda"": 5, ""scale_pos_weight"": 1, ""subsample"": 0.8}",31492,5990,646,0.08991871029138565,"{""config/cycle_folds.yml"": ""83989a1e6d8482f886ad95fae273aad3a7017a463d085f3c68923110a1cde427"", ""config/elastic_net_hyperparameter_grid.yml"": ""369ef395cc6e675b3916c743deb4af4d89cdfd7b28323cefaa2c76f002844941"", ""config/frozen_variable_specification.yml"": ""81ece6c7a190957024d3a0b87a06249e6b07d2aee86a4f6f5463f066888d0208"", ""config/temporal_validation_locked.yml"": ""6883ae0bb61c41c80eeba2523361b8cddc0babef6793e94b4b9a2449c30491ba"", ""config/xgboost_hyperparameter_grid.yml"": ""bd77bebd7233cb643bb0ab622229eaa0ee797d43cc6e108a742156ea7057421d""}"
3,2009-2010,model0_paired_combined,xgboost,xgboost_0128,0.23709568861737917,0.017398818599099,2005-2006;2007-2008;2011-2012;2013-2014;2015-2016;2017-2018,"{""colsample_bytree"": 0.8, ""learning_rate"": 0.03, ""max_depth"": 3, ""min_child_weight"": 5, ""n_estimators"": 200, ""reg_alpha"": 0.1, ""reg_lambda"": 5, ""scale_pos_weight"": 1, ""subsample"": 0.8}",13362,2594,273,0.08839552849531174,"{""config/cycle_folds.yml"": ""83989a1e6d8482f886ad95fae273aad3a7017a463d085f3c68923110a1cde427"", ""config/elastic_net_hyperparameter_grid.yml"": ""369ef395cc6e675b3916c743deb4af4d89cdfd7b28323cefaa2c76f002844941"", ""config/frozen_variable_specification.yml"": ""81ece6c7a190957024d3a0b87a06249e6b07d2aee86a4f6f5463f066888d0208"", ""config/temporal_validation_locked.yml"": ""6883ae0bb61c41c80eeba2523361b8cddc0babef6793e94b4b9a2449c30491ba"", ""config/xgboost_hyperparameter_grid.yml"": ""bd77bebd7233cb643bb0ab622229eaa0ee797d43cc6e108a742156ea7057421d""}"
3,2009-2010,model0_paired_metabolic,xgboost,xgboost_0128,0.23709568861737917,0.017398818599099,2005-2006;2007-2008;2011-2012;2013-2014;2015-2016;2017-2018,"{""colsample_bytree"": 0.8, ""learning_rate"": 0.03, ""max_depth"": 3, ""min_child_weight"": 5, ""n_estimators"": 200, ""reg_alpha"": 0.1, ""reg_lambda"": 5, ""scale_pos_weight"": 1, ""subsample"": 0.8}",13362,2594,273,0.08839552849531174,"{""config/cycle_folds.yml"": ""83989a1e6d8482f886ad95fae273aad3a7017a463d085f3c68923110a1cde427"", ""config/elastic_net_hyperparameter_grid.yml"": ""369ef395cc6e675b3916c743deb4af4d89cdfd7b28323cefaa2c76f002844941"", ""config/frozen_variable_specification.yml"": ""81ece6c7a190957024d3a0b87a06249e6b07d2aee86a4f6f5463f066888d0208"", ""config/temporal_validation_locked.yml"": ""6883ae0bb61c41c80eeba2523361b8cddc0babef6793e94b4b9a2449c30491ba"", ""config/xgboost_hyperparameter_grid.yml"": ""bd77bebd7233cb643bb0ab622229eaa0ee797d43cc6e108a742156ea7057421d""}"
3,2009-2010,model1_renal,xgboost,xgboost_0136,0.22383727612042661,0.00853250191404952,2005-2006;2007-2008;2011-2012;2013-2014;2015-2016;2017-2018,"{""colsample_bytree"": 0.8, ""learning_rate"": 0.03, ""max_depth"": 3, ""min_child_weight"": 5, ""n_estimators"": 200, ""reg_alpha"": 0, ""reg_lambda"": 5, ""scale_pos_weight"": 1, ""subsample"": 0.8}",31492,5990,646,0.10098564624786377,"{""config/cycle_folds.yml"": ""83989a1e6d8482f886ad95fae273aad3a7017a463d085f3c68923110a1cde427"", ""config/elastic_net_hyperparameter_grid.yml"": ""369ef395cc6e675b3916c743deb4af4d89cdfd7b28323cefaa2c76f002844941"", ""config/frozen_variable_specification.yml"": ""81ece6c7a190957024d3a0b87a06249e6b07d2aee86a4f6f5463f066888d0208"", ""config/temporal_validation_locked.yml"": ""6883ae0bb61c41c80eeba2523361b8cddc0babef6793e94b4b9a2449c30491ba"", ""config/xgboost_hyperparameter_grid.yml"": ""bd77bebd7233cb643bb0ab622229eaa0ee797d43cc6e108a742156ea7057421d""}"
3,2009-2010,model2_metabolic,xgboost,xgboost_0065,0.23740130372425697,0.018301338962862224,2005-2006;2007-2008;2011-2012;2013-2014;2015-2016;2017-2018,"{""colsample_bytree"": 1.0, ""learning_rate"": 0.03, ""max_depth"": 2, ""min_child_weight"": 5, ""n_estimators"": 500, ""reg_alpha"": 0.1, ""reg_lambda"": 5, ""scale_pos_weight"": 1, ""subsample"": 0.8}",13362,2594,273,0.11260168999433517,"{""config/cycle_folds.yml"": ""83989a1e6d8482f886ad95fae273aad3a7017a463d085f3c68923110a1cde427"", ""config/elastic_net_hyperparameter_grid.yml"": ""369ef395cc6e675b3916c743deb4af4d89cdfd7b28323cefaa2c76f002844941"", ""config/frozen_variable_specification.yml"": ""81ece6c7a190957024d3a0b87a06249e6b07d2aee86a4f6f5463f066888d0208"", ""config/temporal_validation_locked.yml"": ""6883ae0bb61c41c80eeba2523361b8cddc0babef6793e94b4b9a2449c30491ba"", ""config/xgboost_hyperparameter_grid.yml"": ""bd77bebd7233cb643bb0ab622229eaa0ee797d43cc6e108a742156ea7057421d""}"
3,2009-2010,model3_inflammatory,xgboost,xgboost_0069,0.22608202712754585,0.00883730151481201,2005-2006;2007-2008;2011-2012;2013-2014;2015-2016;2017-2018,"{""colsample_bytree"": 1.0, ""learning_rate"": 0.03, ""max_depth"": 2, ""min_child_weight"": 5, ""n_estimators"": 500, ""reg_alpha"": 0.1, ""reg_lambda"": 1, ""scale_pos_weight"": 1, ""subsample"": 0.8}",31492,5990,646,0.10571727156639099,"{""config/cycle_folds.yml"": ""83989a1e6d8482f886ad95fae273aad3a7017a463d085f3c68923110a1cde427"", ""config/elastic_net_hyperparameter_grid.yml"": ""369ef395cc6e675b3916c743deb4af4d89cdfd7b28323cefaa2c76f002844941"", ""config/frozen_variable_specification.yml"": ""81ece6c7a190957024d3a0b87a06249e6b07d2aee86a4f6f5463f066888d0208"", ""config/temporal_validation_locked.yml"": ""6883ae0bb61c41c80eeba2523361b8cddc0babef6793e94b4b9a2449c30491ba"", ""config/xgboost_hyperparameter_grid.yml"": ""bd77bebd7233cb643bb0ab622229eaa0ee797d43cc6e108a742156ea7057421d""}"
3,2009-2010,model4_combined,xgboost,xgboost_0068,0.23414580366626478,0.01918088448341693,2005-2006;2007-2008;2011-2012;2013-2014;2015-2016;2017-2018,"{""colsample_bytree"": 0.8, ""learning_rate"": 0.03, ""max_depth"": 2, ""min_child_weight"": 5, ""n_estimators"": 500, ""reg_alpha"": 0.1, ""reg_lambda"": 1, ""scale_pos_weight"": 1, ""subsample"": 0.8}",13362,2594,273,0.10003571212291718,"{""config/cycle_folds.yml"": ""83989a1e6d8482f886ad95fae273aad3a7017a463d085f3c68923110a1cde427"", ""config/elastic_net_hyperparameter_grid.yml"": ""369ef395cc6e675b3916c743deb4af4d89cdfd7b28323cefaa2c76f002844941"", ""config/frozen_variable_specification.yml"": ""81ece6c7a190957024d3a0b87a06249e6b07d2aee86a4f6f5463f066888d0208"", ""config/temporal_validation_locked.yml"": ""6883ae0bb61c41c80eeba2523361b8cddc0babef6793e94b4b9a2449c30491ba"", ""config/xgboost_hyperparameter_grid.yml"": ""bd77bebd7233cb643bb0ab622229eaa0ee797d43cc6e108a742156ea7057421d""}"
4,2011-2012,model0_core,xgboost,xgboost_0195,0.22376484663536678,0.009625900447465936,2005-2006;2007-2008;2009-2010;2013-2014;2015-2016;2017-2018,"{""colsample_bytree"": 1.0, ""learning_rate"": 0.03, ""max_depth"": 3, ""min_child_weight"": 5, ""n_estimators"": 500, ""reg_alpha"": 0.1, ""reg_lambda"": 5, ""scale_pos_weight"": 1, ""subsample"": 1.0}",32222,5260,550,0.0996113196015358,"{""config/cycle_folds.yml"": ""83989a1e6d8482f886ad95fae273aad3a7017a463d085f3c68923110a1cde427"", ""config/elastic_net_hyperparameter_grid.yml"": ""369ef395cc6e675b3916c743deb4af4d89cdfd7b28323cefaa2c76f002844941"", ""config/frozen_variable_specification.yml"": ""81ece6c7a190957024d3a0b87a06249e6b07d2aee86a4f6f5463f066888d0208"", ""config/temporal_validation_locked.yml"": ""6883ae0bb61c41c80eeba2523361b8cddc0babef6793e94b4b9a2449c30491ba"", ""config/xgboost_hyperparameter_grid.yml"": ""bd77bebd7233cb643bb0ab622229eaa0ee797d43cc6e108a742156ea7057421d""}"
4,2011-2012,model0_paired_combined,xgboost,xgboost_0132,0.23071968560647194,0.017107991879317885,2005-2006;2007-2008;2009-2010;2013-2014;2015-2016;2017-2018,"{""colsample_bytree"": 0.8, ""learning_rate"": 0.03, ""max_depth"": 3, ""min_child_weight"": 5, ""n_estimators"": 200, ""reg_alpha"": 0.1, ""reg_lambda"": 1, ""scale_pos_weight"": 1, ""subsample"": 0.8}",13662,2294,239,0.1098632663488388,"{""config/cycle_folds.yml"": ""83989a1e6d8482f886ad95fae273aad3a7017a463d085f3c68923110a1cde427"", ""config/elastic_net_hyperparameter_grid.yml"": ""369ef395cc6e675b3916c743deb4af4d89cdfd7b28323cefaa2c76f002844941"", ""config/frozen_variable_specification.yml"": ""81ece6c7a190957024d3a0b87a06249e6b07d2aee86a4f6f5463f066888d0208"", ""config/temporal_validation_locked.yml"": ""6883ae0bb61c41c80eeba2523361b8cddc0babef6793e94b4b9a2449c30491ba"", ""config/xgboost_hyperparameter_grid.yml"": ""bd77bebd7233cb643bb0ab622229eaa0ee797d43cc6e108a742156ea7057421d""}"
4,2011-2012,model0_paired_metabolic,xgboost,xgboost_0132,0.23071968560647194,0.017107991879317885,2005-2006;2007-2008;2009-2010;2013-2014;2015-2016;2017-2018,"{""colsample_bytree"": 0.8, ""learning_rate"": 0.03, ""max_depth"": 3, ""min_child_weight"": 5, ""n_estimators"": 200, ""reg_alpha"": 0.1, ""reg_lambda"": 1, ""scale_pos_weight"": 1, ""subsample"": 0.8}",13662,2294,239,0.1098632663488388,"{""config/cycle_folds.yml"": ""83989a1e6d8482f886ad95fae273aad3a7017a463d085f3c68923110a1cde427"", ""config/elastic_net_hyperparameter_grid.yml"": ""369ef395cc6e675b3916c743deb4af4d89cdfd7b28323cefaa2c76f002844941"", ""config/frozen_variable_specification.yml"": ""81ece6c7a190957024d3a0b87a06249e6b07d2aee86a4f6f5463f066888d0208"", ""config/temporal_validation_locked.yml"": ""6883ae0bb61c41c80eeba2523361b8cddc0babef6793e94b4b9a2449c30491ba"", ""config/xgboost_hyperparameter_grid.yml"": ""bd77bebd7233cb643bb0ab622229eaa0ee797d43cc6e108a742156ea7057421d""}"
4,2011-2012,model1_renal,xgboost,xgboost_0064,0.2220468920965978,0.009725158114826766,2005-2006;2007-2008;2009-2010;2013-2014;2015-2016;2017-2018,"{""colsample_bytree"": 0.8, ""learning_rate"": 0.03, ""max_depth"": 2, ""min_child_weight"": 5, ""n_estimators"": 500, ""reg_alpha"": 0.1, ""reg_lambda"": 5, ""scale_pos_weight"": 1, ""subsample"": 0.8}",32222,5260,550,0.09542661905288696,"{""config/cycle_folds.yml"": ""83989a1e6d8482f886ad95fae273aad3a7017a463d085f3c68923110a1cde427"", ""config/elastic_net_hyperparameter_grid.yml"": ""369ef395cc6e675b3916c743deb4af4d89cdfd7b28323cefaa2c76f002844941"", ""config/frozen_variable_specification.yml"": ""81ece6c7a190957024d3a0b87a06249e6b07d2aee86a4f6f5463f066888d0208"", ""config/temporal_validation_locked.yml"": ""6883ae0bb61c41c80eeba2523361b8cddc0babef6793e94b4b9a2449c30491ba"", ""config/xgboost_hyperparameter_grid.yml"": ""bd77bebd7233cb643bb0ab622229eaa0ee797d43cc6e108a742156ea7057421d""}"
4,2011-2012,model2_metabolic,xgboost,xgboost_0141,0.2305173856895041,0.017373386119422966,2005-2006;2007-2008;2009-2010;2013-2014;2015-2016;2017-2018,"{""colsample_bytree"": 1.0, ""learning_rate"": 0.03, ""max_depth"": 3, ""min_child_weight"": 5, ""n_estimators"": 200, ""reg_alpha"": 0, ""reg_lambda"": 1, ""scale_pos_weight"": 1, ""subsample"": 0.8}",13662,2294,239,0.09752410650253296,"{""config/cycle_folds.yml"": ""83989a1e6d8482f886ad95fae273aad3a7017a463d085f3c68923110a1cde427"", ""config/elastic_net_hyperparameter_grid.yml"": ""369ef395cc6e675b3916c743deb4af4d89cdfd7b28323cefaa2c76f002844941"", ""config/frozen_variable_specification.yml"": ""81ece6c7a190957024d3a0b87a06249e6b07d2aee86a4f6f5463f066888d0208"", ""config/temporal_validation_locked.yml"": ""6883ae0bb61c41c80eeba2523361b8cddc0babef6793e94b4b9a2449c30491ba"", ""config/xgboost_hyperparameter_grid.yml"": ""bd77bebd7233cb643bb0ab622229eaa0ee797d43cc6e108a742156ea7057421d""}"
4,2011-2012,model3_inflammatory,xgboost,xgboost_0192,0.2235498442865362,0.009596007808482855,2005-2006;2007-2008;2009-2010;2013-2014;2015-2016;2017-2018,"{""colsample_bytree"": 0.8, ""learning_rate"": 0.03, ""max_depth"": 3, ""min_child_weight"": 5, ""n_estimators"": 500, ""reg_alpha"": 0.1, ""reg_lambda"": 5, ""scale_pos_weight"": 1, ""subsample"": 0.8}",32222,5260,550,0.09405913203954697,"{""config/cycle_folds.yml"": ""83989a1e6d8482f886ad95fae273aad3a7017a463d085f3c68923110a1cde427"", ""config/elastic_net_hyperparameter_grid.yml"": ""369ef395cc6e675b3916c743deb4af4d89cdfd7b28323cefaa2c76f002844941"", ""config/frozen_variable_specification.yml"": ""81ece6c7a190957024d3a0b87a06249e6b07d2aee86a4f6f5463f066888d0208"", ""config/temporal_validation_locked.yml"": ""6883ae0bb61c41c80eeba2523361b8cddc0babef6793e94b4b9a2449c30491ba"", ""config/xgboost_hyperparameter_grid.yml"": ""bd77bebd7233cb643bb0ab622229eaa0ee797d43cc6e108a742156ea7057421d""}"
4,2011-2012,model4_combined,xgboost,xgboost_0132,0.22771220413593016,0.017934222334030175,2005-2006;2007-2008;2009-2010;2013-2014;2015-2016;2017-2018,"{""colsample_bytree"": 0.8, ""learning_rate"": 0.03, ""max_depth"": 3, ""min_child_weight"": 5, ""n_estimators"": 200, ""reg_alpha"": 0.1, ""reg_lambda"": 1, ""scale_pos_weight"": 1, ""subsample"": 0.8}",13662,2294,239,0.08437162637710571,"{""config/cycle_folds.yml"": ""83989a1e6d8482f886ad95fae273aad3a7017a463d085f3c68923110a1cde427"", ""config/elastic_net_hyperparameter_grid.yml"": ""369ef395cc6e675b3916c743deb4af4d89cdfd7b28323cefaa2c76f002844941"", ""config/frozen_variable_specification.yml"": ""81ece6c7a190957024d3a0b87a06249e6b07d2aee86a4f6f5463f066888d0208"", ""config/temporal_validation_locked.yml"": ""6883ae0bb61c41c80eeba2523361b8cddc0babef6793e94b4b9a2449c30491ba"", ""config/xgboost_hyperparameter_grid.yml"": ""bd77bebd7233cb643bb0ab622229eaa0ee797d43cc6e108a742156ea7057421d""}"
5,2013-2014,model0_core,xgboost,xgboost_0200,0.22431886654694513,0.009716645866474779,2005-2006;2007-2008;2009-2010;2011-2012;2015-2016;2017-2018,"{""colsample_bytree"": 0.8, ""learning_rate"": 0.03, ""max_depth"": 3, ""min_child_weight"": 5, ""n_estimators"": 500, ""reg_alpha"": 0, ""reg_lambda"": 5, ""scale_pos_weight"": 1, ""subsample"": 0.8}",31960,5522,573,0.11650316417217255,"{""config/cycle_folds.yml"": ""83989a1e6d8482f886ad95fae273aad3a7017a463d085f3c68923110a1cde427"", ""config/elastic_net_hyperparameter_grid.yml"": ""369ef395cc6e675b3916c743deb4af4d89cdfd7b28323cefaa2c76f002844941"", ""config/frozen_variable_specification.yml"": ""81ece6c7a190957024d3a0b87a06249e6b07d2aee86a4f6f5463f066888d0208"", ""config/temporal_validation_locked.yml"": ""6883ae0bb61c41c80eeba2523361b8cddc0babef6793e94b4b9a2449c30491ba"", ""config/xgboost_hyperparameter_grid.yml"": ""bd77bebd7233cb643bb0ab622229eaa0ee797d43cc6e108a742156ea7057421d""}"
5,2013-2014,model0_paired_combined,xgboost,xgboost_0129,0.237185460849228,0.01822478202060763,2005-2006;2007-2008;2009-2010;2011-2012;2015-2016;2017-2018,"{""colsample_bytree"": 1.0, ""learning_rate"": 0.03, ""max_depth"": 3, ""min_child_weight"": 5, ""n_estimators"": 200, ""reg_alpha"": 0.1, ""reg_lambda"": 5, ""scale_pos_weight"": 1, ""subsample"": 0.8}",13586,2370,244,0.0951184332370758,"{""config/cycle_folds.yml"": ""83989a1e6d8482f886ad95fae273aad3a7017a463d085f3c68923110a1cde427"", ""config/elastic_net_hyperparameter_grid.yml"": ""369ef395cc6e675b3916c743deb4af4d89cdfd7b28323cefaa2c76f002844941"", ""config/frozen_variable_specification.yml"": ""81ece6c7a190957024d3a0b87a06249e6b07d2aee86a4f6f5463f066888d0208"", ""config/temporal_validation_locked.yml"": ""6883ae0bb61c41c80eeba2523361b8cddc0babef6793e94b4b9a2449c30491ba"", ""config/xgboost_hyperparameter_grid.yml"": ""bd77bebd7233cb643bb0ab622229eaa0ee797d43cc6e108a742156ea7057421d""}"
5,2013-2014,model0_paired_metabolic,xgboost,xgboost_0129,0.237185460849228,0.01822478202060763,2005-2006;2007-2008;2009-2010;2011-2012;2015-2016;2017-2018,"{""colsample_bytree"": 1.0, ""learning_rate"": 0.03, ""max_depth"": 3, ""min_child_weight"": 5, ""n_estimators"": 200, ""reg_alpha"": 0.1, ""reg_lambda"": 5, ""scale_pos_weight"": 1, ""subsample"": 0.8}",13586,2370,244,0.0951184332370758,"{""config/cycle_folds.yml"": ""83989a1e6d8482f886ad95fae273aad3a7017a463d085f3c68923110a1cde427"", ""config/elastic_net_hyperparameter_grid.yml"": ""369ef395cc6e675b3916c743deb4af4d89cdfd7b28323cefaa2c76f002844941"", ""config/frozen_variable_specification.yml"": ""81ece6c7a190957024d3a0b87a06249e6b07d2aee86a4f6f5463f066888d0208"", ""config/temporal_validation_locked.yml"": ""6883ae0bb61c41c80eeba2523361b8cddc0babef6793e94b4b9a2449c30491ba"", ""config/xgboost_hyperparameter_grid.yml"": ""bd77bebd7233cb643bb0ab622229eaa0ee797d43cc6e108a742156ea7057421d""}"
5,2013-2014,model1_renal,xgboost,xgboost_0198,0.22230827606809347,0.009827202904661523,2005-2006;2007-2008;2009-2010;2011-2012;2015-2016;2017-2018,"{""colsample_bytree"": 0.8, ""learning_rate"": 0.03, ""max_depth"": 3, ""min_child_weight"": 5, ""n_estimators"": 500, ""reg_alpha"": 0.1, ""reg_lambda"": 1, ""scale_pos_weight"": 1, ""subsample"": 1.0}",31960,5522,573,0.1160895898938179,"{""config/cycle_folds.yml"": ""83989a1e6d8482f886ad95fae273aad3a7017a463d085f3c68923110a1cde427"", ""config/elastic_net_hyperparameter_grid.yml"": ""369ef395cc6e675b3916c743deb4af4d89cdfd7b28323cefaa2c76f002844941"", ""config/frozen_variable_specification.yml"": ""81ece6c7a190957024d3a0b87a06249e6b07d2aee86a4f6f5463f066888d0208"", ""config/temporal_validation_locked.yml"": ""6883ae0bb61c41c80eeba2523361b8cddc0babef6793e94b4b9a2449c30491ba"", ""config/xgboost_hyperparameter_grid.yml"": ""bd77bebd7233cb643bb0ab622229eaa0ee797d43cc6e108a742156ea7057421d""}"
5,2013-2014,model2_metabolic,xgboost,xgboost_0129,0.23746255709025768,0.018885698709571446,2005-2006;2007-2008;2009-2010;2011-2012;2015-2016;2017-2018,"{""colsample_bytree"": 1.0, ""learning_rate"": 0.03, ""max_depth"": 3, ""min_child_weight"": 5, ""n_estimators"": 200, ""reg_alpha"": 0.1, ""reg_lambda"": 5, ""scale_pos_weight"": 1, ""subsample"": 0.8}",13586,2370,244,0.09902562201023102,"{""config/cycle_folds.yml"": ""83989a1e6d8482f886ad95fae273aad3a7017a463d085f3c68923110a1cde427"", ""config/elastic_net_hyperparameter_grid.yml"": ""369ef395cc6e675b3916c743deb4af4d89cdfd7b28323cefaa2c76f002844941"", ""config/frozen_variable_specification.yml"": ""81ece6c7a190957024d3a0b87a06249e6b07d2aee86a4f6f5463f066888d0208"", ""config/temporal_validation_locked.yml"": ""6883ae0bb61c41c80eeba2523361b8cddc0babef6793e94b4b9a2449c30491ba"", ""config/xgboost_hyperparameter_grid.yml"": ""bd77bebd7233cb643bb0ab622229eaa0ee797d43cc6e108a742156ea7057421d""}"
5,2013-2014,model3_inflammatory,xgboost,xgboost_0140,0.22397591777337741,0.009231698779949707,2005-2006;2007-2008;2009-2010;2011-2012;2015-2016;2017-2018,"{""colsample_bytree"": 0.8, ""learning_rate"": 0.03, ""max_depth"": 3, ""min_child_weight"": 5, ""n_estimators"": 200, ""reg_alpha"": 0, ""reg_lambda"": 1, ""scale_pos_weight"": 1, ""subsample"": 0.8}",31960,5522,573,0.09695660322904587,"{""config/cycle_folds.yml"": ""83989a1e6d8482f886ad95fae273aad3a7017a463d085f3c68923110a1cde427"", ""config/elastic_net_hyperparameter_grid.yml"": ""369ef395cc6e675b3916c743deb4af4d89cdfd7b28323cefaa2c76f002844941"", ""config/frozen_variable_specification.yml"": ""81ece6c7a190957024d3a0b87a06249e6b07d2aee86a4f6f5463f066888d0208"", ""config/temporal_validation_locked.yml"": ""6883ae0bb61c41c80eeba2523361b8cddc0babef6793e94b4b9a2449c30491ba"", ""config/xgboost_hyperparameter_grid.yml"": ""bd77bebd7233cb643bb0ab622229eaa0ee797d43cc6e108a742156ea7057421d""}"
5,2013-2014,model4_combined,xgboost,xgboost_0129,0.23405929295884978,0.018807337241995157,2005-2006;2007-2008;2009-2010;2011-2012;2015-2016;2017-2018,"{""colsample_bytree"": 1.0, ""learning_rate"": 0.03, ""max_depth"": 3, ""min_child_weight"": 5, ""n_estimators"": 200, ""reg_alpha"": 0.1, ""reg_lambda"": 5, ""scale_pos_weight"": 1, ""subsample"": 0.8}",13586,2370,244,0.09252415597438812,"{""config/cycle_folds.yml"": ""83989a1e6d8482f886ad95fae273aad3a7017a463d085f3c68923110a1cde427"", ""config/elastic_net_hyperparameter_grid.yml"": ""369ef395cc6e675b3916c743deb4af4d89cdfd7b28323cefaa2c76f002844941"", ""config/frozen_variable_specification.yml"": ""81ece6c7a190957024d3a0b87a06249e6b07d2aee86a4f6f5463f066888d0208"", ""config/temporal_validation_locked.yml"": ""6883ae0bb61c41c80eeba2523361b8cddc0babef6793e94b4b9a2449c30491ba"", ""config/xgboost_hyperparameter_grid.yml"": ""bd77bebd7233cb643bb0ab622229eaa0ee797d43cc6e108a742156ea7057421d""}"
6,2015-2016,model0_core,xgboost,xgboost_0065,0.22566932834871647,0.009472542878943847,2005-2006;2007-2008;2009-2010;2011-2012;2013-2014;2017-2018,"{""colsample_bytree"": 1.0, ""learning_rate"": 0.03, ""max_depth"": 2, ""min_child_weight"": 5, ""n_estimators"": 500, ""reg_alpha"": 0.1, ""reg_lambda"": 5, ""scale_pos_weight"": 1, ""subsample"": 0.8}",32078,5404,597,0.09250612556934357,"{""config/cycle_folds.yml"": ""83989a1e6d8482f886ad95fae273aad3a7017a463d085f3c68923110a1cde427"", ""config/elastic_net_hyperparameter_grid.yml"": ""369ef395cc6e675b3916c743deb4af4d89cdfd7b28323cefaa2c76f002844941"", ""config/frozen_variable_specification.yml"": ""81ece6c7a190957024d3a0b87a06249e6b07d2aee86a4f6f5463f066888d0208"", ""config/temporal_validation_locked.yml"": ""6883ae0bb61c41c80eeba2523361b8cddc0babef6793e94b4b9a2449c30491ba"", ""config/xgboost_hyperparameter_grid.yml"": ""bd77bebd7233cb643bb0ab622229eaa0ee797d43cc6e108a742156ea7057421d""}"
6,2015-2016,model0_paired_combined,xgboost,xgboost_0129,0.23603373296622357,0.018655548738001952,2005-2006;2007-2008;2009-2010;2011-2012;2013-2014;2017-2018,"{""colsample_bytree"": 1.0, ""learning_rate"": 0.03, ""max_depth"": 3, ""min_child_weight"": 5, ""n_estimators"": 200, ""reg_alpha"": 0.1, ""reg_lambda"": 5, ""scale_pos_weight"": 1, ""subsample"": 0.8}",13710,2246,266,0.10496759414672852,"{""config/cycle_folds.yml"": ""83989a1e6d8482f886ad95fae273aad3a7017a463d085f3c68923110a1cde427"", ""config/elastic_net_hyperparameter_grid.yml"": ""369ef395cc6e675b3916c743deb4af4d89cdfd7b28323cefaa2c76f002844941"", ""config/frozen_variable_specification.yml"": ""81ece6c7a190957024d3a0b87a06249e6b07d2aee86a4f6f5463f066888d0208"", ""config/temporal_validation_locked.yml"": ""6883ae0bb61c41c80eeba2523361b8cddc0babef6793e94b4b9a2449c30491ba"", ""config/xgboost_hyperparameter_grid.yml"": ""bd77bebd7233cb643bb0ab622229eaa0ee797d43cc6e108a742156ea7057421d""}"
6,2015-2016,model0_paired_metabolic,xgboost,xgboost_0129,0.23603373296622357,0.018655548738001952,2005-2006;2007-2008;2009-2010;2011-2012;2013-2014;2017-2018,"{""colsample_bytree"": 1.0, ""learning_rate"": 0.03, ""max_depth"": 3, ""min_child_weight"": 5, ""n_estimators"": 200, ""reg_alpha"": 0.1, ""reg_lambda"": 5, ""scale_pos_weight"": 1, ""subsample"": 0.8}",13710,2246,266,0.10496759414672852,"{""config/cycle_folds.yml"": ""83989a1e6d8482f886ad95fae273aad3a7017a463d085f3c68923110a1cde427"", ""config/elastic_net_hyperparameter_grid.yml"": ""369ef395cc6e675b3916c743deb4af4d89cdfd7b28323cefaa2c76f002844941"", ""config/frozen_variable_specification.yml"": ""81ece6c7a190957024d3a0b87a06249e6b07d2aee86a4f6f5463f066888d0208"", ""config/temporal_validation_locked.yml"": ""6883ae0bb61c41c80eeba2523361b8cddc0babef6793e94b4b9a2449c30491ba"", ""config/xgboost_hyperparameter_grid.yml"": ""bd77bebd7233cb643bb0ab622229eaa0ee797d43cc6e108a742156ea7057421d""}"
6,2015-2016,model1_renal,xgboost,xgboost_0064,0.22325869894300035,0.009568402540160332,2005-2006;2007-2008;2009-2010;2011-2012;2013-2014;2017-2018,"{""colsample_bytree"": 0.8, ""learning_rate"": 0.03, ""max_depth"": 2, ""min_child_weight"": 5, ""n_estimators"": 500, ""reg_alpha"": 0.1, ""reg_lambda"": 5, ""scale_pos_weight"": 1, ""subsample"": 0.8}",32078,5404,597,0.09581784158945084,"{""config/cycle_folds.yml"": ""83989a1e6d8482f886ad95fae273aad3a7017a463d085f3c68923110a1cde427"", ""config/elastic_net_hyperparameter_grid.yml"": ""369ef395cc6e675b3916c743deb4af4d89cdfd7b28323cefaa2c76f002844941"", ""config/frozen_variable_specification.yml"": ""81ece6c7a190957024d3a0b87a06249e6b07d2aee86a4f6f5463f066888d0208"", ""config/temporal_validation_locked.yml"": ""6883ae0bb61c41c80eeba2523361b8cddc0babef6793e94b4b9a2449c30491ba"", ""config/xgboost_hyperparameter_grid.yml"": ""bd77bebd7233cb643bb0ab622229eaa0ee797d43cc6e108a742156ea7057421d""}"
6,2015-2016,model2_metabolic,xgboost,xgboost_0128,0.23582940472504696,0.019020088399581015,2005-2006;2007-2008;2009-2010;2011-2012;2013-2014;2017-2018,"{""colsample_bytree"": 0.8, ""learning_rate"": 0.03, ""max_depth"": 3, ""min_child_weight"": 5, ""n_estimators"": 200, ""reg_alpha"": 0.1, ""reg_lambda"": 5, ""scale_pos_weight"": 1, ""subsample"": 0.8}",13710,2246,266,0.10772372037172318,"{""config/cycle_folds.yml"": ""83989a1e6d8482f886ad95fae273aad3a7017a463d085f3c68923110a1cde427"", ""config/elastic_net_hyperparameter_grid.yml"": ""369ef395cc6e675b3916c743deb4af4d89cdfd7b28323cefaa2c76f002844941"", ""config/frozen_variable_specification.yml"": ""81ece6c7a190957024d3a0b87a06249e6b07d2aee86a4f6f5463f066888d0208"", ""config/temporal_validation_locked.yml"": ""6883ae0bb61c41c80eeba2523361b8cddc0babef6793e94b4b9a2449c30491ba"", ""config/xgboost_hyperparameter_grid.yml"": ""bd77bebd7233cb643bb0ab622229eaa0ee797d43cc6e108a742156ea7057421d""}"
6,2015-2016,model3_inflammatory,xgboost,xgboost_0202,0.22537265442460164,0.009514286806155703,2005-2006;2007-2008;2009-2010;2011-2012;2013-2014;2017-2018,"{""colsample_bytree"": 0.8, ""learning_rate"": 0.03, ""max_depth"": 3, ""min_child_weight"": 5, ""n_estimators"": 500, ""reg_alpha"": 0, ""reg_lambda"": 5, ""scale_pos_weight"": 1, ""subsample"": 1.0}",32078,5404,597,0.09926537424325943,"{""config/cycle_folds.yml"": ""83989a1e6d8482f886ad95fae273aad3a7017a463d085f3c68923110a1cde427"", ""config/elastic_net_hyperparameter_grid.yml"": ""369ef395cc6e675b3916c743deb4af4d89cdfd7b28323cefaa2c76f002844941"", ""config/frozen_variable_specification.yml"": ""81ece6c7a190957024d3a0b87a06249e6b07d2aee86a4f6f5463f066888d0208"", ""config/temporal_validation_locked.yml"": ""6883ae0bb61c41c80eeba2523361b8cddc0babef6793e94b4b9a2449c30491ba"", ""config/xgboost_hyperparameter_grid.yml"": ""bd77bebd7233cb643bb0ab622229eaa0ee797d43cc6e108a742156ea7057421d""}"
6,2015-2016,model4_combined,xgboost,xgboost_0132,0.23409560624600267,0.01953831481212467,2005-2006;2007-2008;2009-2010;2011-2012;2013-2014;2017-2018,"{""colsample_bytree"": 0.8, ""learning_rate"": 0.03, ""max_depth"": 3, ""min_child_weight"": 5, ""n_estimators"": 200, ""reg_alpha"": 0.1, ""reg_lambda"": 1, ""scale_pos_weight"": 1, ""subsample"": 0.8}",13710,2246,266,0.09690370410680771,"{""config/cycle_folds.yml"": ""83989a1e6d8482f886ad95fae273aad3a7017a463d085f3c68923110a1cde427"", ""config/elastic_net_hyperparameter_grid.yml"": ""369ef395cc6e675b3916c743deb4af4d89cdfd7b28323cefaa2c76f002844941"", ""config/frozen_variable_specification.yml"": ""81ece6c7a190957024d3a0b87a06249e6b07d2aee86a4f6f5463f066888d0208"", ""config/temporal_validation_locked.yml"": ""6883ae0bb61c41c80eeba2523361b8cddc0babef6793e94b4b9a2449c30491ba"", ""config/xgboost_hyperparameter_grid.yml"": ""bd77bebd7233cb643bb0ab622229eaa0ee797d43cc6e108a742156ea7057421d""}"
7,2017-2018,model0_core,xgboost,xgboost_0141,0.2218356096569629,0.0054675733100171715,2005-2006;2007-2008;2009-2010;2011-2012;2013-2014;2015-2016,"{""colsample_bytree"": 1.0, ""learning_rate"": 0.03, ""max_depth"": 3, ""min_child_weight"": 5, ""n_estimators"": 200, ""reg_alpha"": 0, ""reg_lambda"": 1, ""scale_pos_weight"": 1, ""subsample"": 0.8}",32273,5209,646,0.09457667171955109,"{""config/cycle_folds.yml"": ""83989a1e6d8482f886ad95fae273aad3a7017a463d085f3c68923110a1cde427"", ""config/elastic_net_hyperparameter_grid.yml"": ""369ef395cc6e675b3916c743deb4af4d89cdfd7b28323cefaa2c76f002844941"", ""config/frozen_variable_specification.yml"": ""81ece6c7a190957024d3a0b87a06249e6b07d2aee86a4f6f5463f066888d0208"", ""config/temporal_validation_locked.yml"": ""6883ae0bb61c41c80eeba2523361b8cddc0babef6793e94b4b9a2449c30491ba"", ""config/xgboost_hyperparameter_grid.yml"": ""bd77bebd7233cb643bb0ab622229eaa0ee797d43cc6e108a742156ea7057421d""}"
7,2017-2018,model0_paired_combined,xgboost,xgboost_0128,0.2296171829450098,0.013443334999342626,2005-2006;2007-2008;2009-2010;2011-2012;2013-2014;2015-2016,"{""colsample_bytree"": 0.8, ""learning_rate"": 0.03, ""max_depth"": 3, ""min_child_weight"": 5, ""n_estimators"": 200, ""reg_alpha"": 0.1, ""reg_lambda"": 5, ""scale_pos_weight"": 1, ""subsample"": 0.8}",13677,2279,287,0.0934540256857872,"{""config/cycle_folds.yml"": ""83989a1e6d8482f886ad95fae273aad3a7017a463d085f3c68923110a1cde427"", ""config/elastic_net_hyperparameter_grid.yml"": ""369ef395cc6e675b3916c743deb4af4d89cdfd7b28323cefaa2c76f002844941"", ""config/frozen_variable_specification.yml"": ""81ece6c7a190957024d3a0b87a06249e6b07d2aee86a4f6f5463f066888d0208"", ""config/temporal_validation_locked.yml"": ""6883ae0bb61c41c80eeba2523361b8cddc0babef6793e94b4b9a2449c30491ba"", ""config/xgboost_hyperparameter_grid.yml"": ""bd77bebd7233cb643bb0ab622229eaa0ee797d43cc6e108a742156ea7057421d""}"
7,2017-2018,model0_paired_metabolic,xgboost,xgboost_0128,0.2296171829450098,0.013443334999342626,2005-2006;2007-2008;2009-2010;2011-2012;2013-2014;2015-2016,"{""colsample_bytree"": 0.8, ""learning_rate"": 0.03, ""max_depth"": 3, ""min_child_weight"": 5, ""n_estimators"": 200, ""reg_alpha"": 0.1, ""reg_lambda"": 5, ""scale_pos_weight"": 1, ""subsample"": 0.8}",13677,2279,287,0.0934540256857872,"{""config/cycle_folds.yml"": ""83989a1e6d8482f886ad95fae273aad3a7017a463d085f3c68923110a1cde427"", ""config/elastic_net_hyperparameter_grid.yml"": ""369ef395cc6e675b3916c743deb4af4d89cdfd7b28323cefaa2c76f002844941"", ""config/frozen_variable_specification.yml"": ""81ece6c7a190957024d3a0b87a06249e6b07d2aee86a4f6f5463f066888d0208"", ""config/temporal_validation_locked.yml"": ""6883ae0bb61c41c80eeba2523361b8cddc0babef6793e94b4b9a2449c30491ba"", ""config/xgboost_hyperparameter_grid.yml"": ""bd77bebd7233cb643bb0ab622229eaa0ee797d43cc6e108a742156ea7057421d""}"
7,2017-2018,model1_renal,xgboost,xgboost_0136,0.21937771421545946,0.004490744792208302,2005-2006;2007-2008;2009-2010;2011-2012;2013-2014;2015-2016,"{""colsample_bytree"": 0.8, ""learning_rate"": 0.03, ""max_depth"": 3, ""min_child_weight"": 5, ""n_estimators"": 200, ""reg_alpha"": 0, ""reg_lambda"": 5, ""scale_pos_weight"": 1, ""subsample"": 0.8}",32273,5209,646,0.09746658802032471,"{""config/cycle_folds.yml"": ""83989a1e6d8482f886ad95fae273aad3a7017a463d085f3c68923110a1cde427"", ""config/elastic_net_hyperparameter_grid.yml"": ""369ef395cc6e675b3916c743deb4af4d89cdfd7b28323cefaa2c76f002844941"", ""config/frozen_variable_specification.yml"": ""81ece6c7a190957024d3a0b87a06249e6b07d2aee86a4f6f5463f066888d0208"", ""config/temporal_validation_locked.yml"": ""6883ae0bb61c41c80eeba2523361b8cddc0babef6793e94b4b9a2449c30491ba"", ""config/xgboost_hyperparameter_grid.yml"": ""bd77bebd7233cb643bb0ab622229eaa0ee797d43cc6e108a742156ea7057421d""}"
7,2017-2018,model2_metabolic,xgboost,xgboost_0065,0.22938805310626367,0.013896049327552621,2005-2006;2007-2008;2009-2010;2011-2012;2013-2014;2015-2016,"{""colsample_bytree"": 1.0, ""learning_rate"": 0.03, ""max_depth"": 2, ""min_child_weight"": 5, ""n_estimators"": 500, ""reg_alpha"": 0.1, ""reg_lambda"": 5, ""scale_pos_weight"": 1, ""subsample"": 0.8}",13677,2279,287,0.09173692017793655,"{""config/cycle_folds.yml"": ""83989a1e6d8482f886ad95fae273aad3a7017a463d085f3c68923110a1cde427"", ""config/elastic_net_hyperparameter_grid.yml"": ""369ef395cc6e675b3916c743deb4af4d89cdfd7b28323cefaa2c76f002844941"", ""config/frozen_variable_specification.yml"": ""81ece6c7a190957024d3a0b87a06249e6b07d2aee86a4f6f5463f066888d0208"", ""config/temporal_validation_locked.yml"": ""6883ae0bb61c41c80eeba2523361b8cddc0babef6793e94b4b9a2449c30491ba"", ""config/xgboost_hyperparameter_grid.yml"": ""bd77bebd7233cb643bb0ab622229eaa0ee797d43cc6e108a742156ea7057421d""}"
7,2017-2018,model3_inflammatory,xgboost,xgboost_0068,0.22150012519442197,0.005628456761004072,2005-2006;2007-2008;2009-2010;2011-2012;2013-2014;2015-2016,"{""colsample_bytree"": 0.8, ""learning_rate"": 0.03, ""max_depth"": 2, ""min_child_weight"": 5, ""n_estimators"": 500, ""reg_alpha"": 0.1, ""reg_lambda"": 1, ""scale_pos_weight"": 1, ""subsample"": 0.8}",32273,5209,646,0.09192507714033127,"{""config/cycle_folds.yml"": ""83989a1e6d8482f886ad95fae273aad3a7017a463d085f3c68923110a1cde427"", ""config/elastic_net_hyperparameter_grid.yml"": ""369ef395cc6e675b3916c743deb4af4d89cdfd7b28323cefaa2c76f002844941"", ""config/frozen_variable_specification.yml"": ""81ece6c7a190957024d3a0b87a06249e6b07d2aee86a4f6f5463f066888d0208"", ""config/temporal_validation_locked.yml"": ""6883ae0bb61c41c80eeba2523361b8cddc0babef6793e94b4b9a2449c30491ba"", ""config/xgboost_hyperparameter_grid.yml"": ""bd77bebd7233cb643bb0ab622229eaa0ee797d43cc6e108a742156ea7057421d""}"
7,2017-2018,model4_combined,xgboost,xgboost_0129,0.22550168858143596,0.012556244714392137,2005-2006;2007-2008;2009-2010;2011-2012;2013-2014;2015-2016,"{""colsample_bytree"": 1.0, ""learning_rate"": 0.03, ""max_depth"": 3, ""min_child_weight"": 5, ""n_estimators"": 200, ""reg_alpha"": 0.1, ""reg_lambda"": 5, ""scale_pos_weight"": 1, ""subsample"": 0.8}",13677,2279,287,0.09102779626846313,"{""config/cycle_folds.yml"": ""83989a1e6d8482f886ad95fae273aad3a7017a463d085f3c68923110a1cde427"", ""config/elastic_net_hyperparameter_grid.yml"": ""369ef395cc6e675b3916c743deb4af4d89cdfd7b28323cefaa2c76f002844941"", ""config/frozen_variable_specification.yml"": ""81ece6c7a190957024d3a0b87a06249e6b07d2aee86a4f6f5463f066888d0208"", ""config/temporal_validation_locked.yml"": ""6883ae0bb61c41c80eeba2523361b8cddc0babef6793e94b4b9a2449c30491ba"", ""config/xgboost_hyperparameter_grid.yml"": ""bd77bebd7233cb643bb0ab622229eaa0ee797d43cc6e108a742156ea7057421d""}"
