target_population,comparison_sample,model,model_label,algorithm,weight_variable,metric,point_estimate,bootstrap_mean,bootstrap_bias,bootstrap_se,ci_lower,ci_upper,ci_level,ci_method,replicate_method,n_replicates_requested,n_replicates_valid,valid_replicate_fraction,design_df
MEC examination sample,core MEC target sample,model0_core,Model 0 core clinical,elastic_net,combined_mec_weight,survey_weighted_AUROC,0.848724129345068,0.8486199829793313,-0.00010414636573674585,0.003886415918276638,0.8412906900664865,0.8560586916268971,0.95,percentile,rao_wu_rescaled_bootstrap,2000,2000,1.0,109
MEC examination sample,core MEC target sample,model0_core,Model 0 core clinical,elastic_net,combined_mec_weight,survey_weighted_PR_AUC,0.36866646884582116,0.37074133029127015,0.0020748614454489944,0.007984315409127134,0.3553078892082806,0.38590550495173387,0.95,percentile,rao_wu_rescaled_bootstrap,2000,2000,1.0,109
MEC examination sample,core MEC target sample,model0_core,Model 0 core clinical,elastic_net,combined_mec_weight,weighted_Brier,0.06581388351625402,0.06579329813553297,-2.0585380721041546e-05,0.0014991777206697706,0.06283939245442735,0.06873099226068709,0.95,percentile,rao_wu_rescaled_bootstrap,2000,2000,1.0,109
MEC examination sample,core MEC target sample,model0_core,Model 0 core clinical,elastic_net,combined_mec_weight,weighted_log_loss,0.22642869004460825,0.22636900872955343,-5.968131505482144e-05,0.00447467672850701,0.21720459758740165,0.2350796381107234,0.95,percentile,rao_wu_rescaled_bootstrap,2000,2000,1.0,109
MEC examination sample,core MEC target sample,model0_core,Model 0 core clinical,elastic_net,combined_mec_weight,calibration_intercept,-0.008457821125916292,-0.007264123849537266,0.001193697276379026,0.03615349205925976,-0.07661383303588393,0.06361589387247933,0.95,percentile,rao_wu_rescaled_bootstrap,2000,2000,1.0,109
MEC examination sample,core MEC target sample,model0_core,Model 0 core clinical,elastic_net,combined_mec_weight,calibration_slope,0.9953486216795294,0.9971603112793745,0.0018116895998451232,0.017380393445038174,0.964037276839236,1.031398313372113,0.95,percentile,rao_wu_rescaled_bootstrap,2000,2000,1.0,109
MEC examination sample,core MEC target sample,model0_core,Model 0 core clinical,elastic_net,combined_mec_weight,observed_expected_ratio,1.001095279899438,1.0012291247229932,0.0001338448235552736,0.018348704721752904,0.9657717684684031,1.037641728302537,0.95,percentile,rao_wu_rescaled_bootstrap,2000,2000,1.0,109
MEC examination sample,core MEC target sample,model0_core,Model 0 core clinical,elastic_net,combined_mec_weight,weighted_observed_prevalence,0.08800566465490338,0.08797433194354841,-3.1332711354969955e-05,0.002249232302824055,0.08353695680858696,0.09220626989055677,0.95,percentile,rao_wu_rescaled_bootstrap,2000,2000,1.0,109
MEC examination sample,core MEC target sample,model0_core,Model 0 core clinical,elastic_net,combined_mec_weight,weighted_mean_predicted_probability,0.0880113153352918,0.08795829098808446,-5.3024347207344946e-05,0.0014690706759775544,0.08512840171518919,0.09087498091857389,0.95,percentile,rao_wu_rescaled_bootstrap,2000,2000,1.0,109
MEC examination sample,core MEC target sample,model0_core,Model 0 core clinical,elastic_net,combined_mec_weight,calibration_in_the_large,-1.7932480243525767e-05,-0.0009771781191216082,-0.0009592456388780824,0.019979730993929513,-0.04070379994294461,0.03811027683807199,0.95,percentile,rao_wu_rescaled_bootstrap,2000,2000,1.0,109
MEC examination sample,core MEC target sample,model0_core,Model 0 core clinical,xgboost,combined_mec_weight,survey_weighted_AUROC,0.8527974083906532,0.852692326936142,-0.0001050814545111578,0.003720011936271635,0.8453380242790893,0.8597922397980011,0.95,percentile,rao_wu_rescaled_bootstrap,2000,2000,1.0,109
MEC examination sample,core MEC target sample,model0_core,Model 0 core clinical,xgboost,combined_mec_weight,survey_weighted_PR_AUC,0.3815494550251132,0.38424764255090427,0.0026981875257910404,0.008226868806334109,0.36829533037288953,0.4003279460376034,0.95,percentile,rao_wu_rescaled_bootstrap,2000,2000,1.0,109
MEC examination sample,core MEC target sample,model0_core,Model 0 core clinical,xgboost,combined_mec_weight,weighted_Brier,0.06525060598633822,0.06522922489777161,-2.138108856661325e-05,0.0014728727755732192,0.062327955505022674,0.06816467578650073,0.95,percentile,rao_wu_rescaled_bootstrap,2000,2000,1.0,109
MEC examination sample,core MEC target sample,model0_core,Model 0 core clinical,xgboost,combined_mec_weight,weighted_log_loss,0.22443357278807644,0.22436910986538072,-6.446292269571274e-05,0.004373318336491153,0.21557351613294834,0.23294440881965817,0.95,percentile,rao_wu_rescaled_bootstrap,2000,2000,1.0,109
MEC examination sample,core MEC target sample,model0_core,Model 0 core clinical,xgboost,combined_mec_weight,calibration_intercept,0.05010388578357416,0.05100024518279753,0.000896359399223369,0.03593731857740192,-0.02019738129279585,0.12087604505490702,0.95,percentile,rao_wu_rescaled_bootstrap,2000,2000,1.0,109
MEC examination sample,core MEC target sample,model0_core,Model 0 core clinical,xgboost,combined_mec_weight,calibration_slope,1.0247115724329487,1.0264900411678197,0.001778468734870975,0.016845454740248705,0.9943650094258081,1.0596746684680225,0.95,percentile,rao_wu_rescaled_bootstrap,2000,2000,1.0,109
MEC examination sample,core MEC target sample,model0_core,Model 0 core clinical,xgboost,combined_mec_weight,observed_expected_ratio,1.0075047517144224,1.0074915346208828,-1.3217093539630298e-05,0.018551739400601695,0.9718289906561921,1.0441266443372827,0.95,percentile,rao_wu_rescaled_bootstrap,2000,2000,1.0,109
MEC examination sample,core MEC target sample,model0_core,Model 0 core clinical,xgboost,combined_mec_weight,weighted_observed_prevalence,0.08800566465490338,0.08797433194354841,-3.1332711354969955e-05,0.002249232302824055,0.08353695680858696,0.09220626989055677,0.95,percentile,rao_wu_rescaled_bootstrap,2000,2000,1.0,109
MEC examination sample,core MEC target sample,model0_core,Model 0 core clinical,xgboost,combined_mec_weight,weighted_mean_predicted_probability,0.0876609957678067,0.08761574668703613,-4.5249080770567995e-05,0.001396368327459039,0.08489512084626405,0.09038470740754927,0.95,percentile,rao_wu_rescaled_bootstrap,2000,2000,1.0,109
MEC examination sample,core MEC target sample,model0_core,Model 0 core clinical,xgboost,combined_mec_weight,calibration_in_the_large,0.005646511457177158,0.004534319995338267,-0.0011121914618388911,0.020093527250042893,-0.034584794675448526,0.044093536349695324,0.95,percentile,rao_wu_rescaled_bootstrap,2000,2000,1.0,109
MEC examination sample,inflammatory comparison sample,model3_inflammatory,Model 3 inflammatory,elastic_net,combined_mec_weight,survey_weighted_AUROC,0.8498288608692243,0.8496982596185991,-0.00013060125062513972,0.00393370690031677,0.8421441036259311,0.8572583615425231,0.95,percentile,rao_wu_rescaled_bootstrap,2000,2000,1.0,109
MEC examination sample,inflammatory comparison sample,model3_inflammatory,Model 3 inflammatory,elastic_net,combined_mec_weight,survey_weighted_PR_AUC,0.3719279841659042,0.3740413715100233,0.0021133873441190887,0.008362117699439451,0.3573147921957568,0.3900186079017605,0.95,percentile,rao_wu_rescaled_bootstrap,2000,2000,1.0,109
MEC examination sample,inflammatory comparison sample,model3_inflammatory,Model 3 inflammatory,elastic_net,combined_mec_weight,weighted_Brier,0.06566302959558244,0.0656441189846902,-1.8910610892236557e-05,0.0014892093496353869,0.06270162069892309,0.06858431452827513,0.95,percentile,rao_wu_rescaled_bootstrap,2000,2000,1.0,109
MEC examination sample,inflammatory comparison sample,model3_inflammatory,Model 3 inflammatory,elastic_net,combined_mec_weight,weighted_log_loss,0.22590510236158806,0.22584681816865074,-5.8284192937324564e-05,0.004453324621960636,0.21689610762745565,0.23444904788817222,0.95,percentile,rao_wu_rescaled_bootstrap,2000,2000,1.0,109
MEC examination sample,inflammatory comparison sample,model3_inflammatory,Model 3 inflammatory,elastic_net,combined_mec_weight,calibration_intercept,-0.0069291256509296925,-0.00575047449724733,0.0011786511536823622,0.03697972025511013,-0.0763872171649135,0.06688815733720412,0.95,percentile,rao_wu_rescaled_bootstrap,2000,2000,1.0,109
MEC examination sample,inflammatory comparison sample,model3_inflammatory,Model 3 inflammatory,elastic_net,combined_mec_weight,calibration_slope,0.9958323865150511,0.9976184263850845,0.0017860398700333402,0.01755533589645292,0.9638539637873861,1.0326938049795116,0.95,percentile,rao_wu_rescaled_bootstrap,2000,2000,1.0,109
MEC examination sample,inflammatory comparison sample,model3_inflammatory,Model 3 inflammatory,elastic_net,combined_mec_weight,observed_expected_ratio,1.0016665064218913,1.00182667888249,0.00016017246059885082,0.018255726556199343,0.9666118413274187,1.0384899392228588,0.95,percentile,rao_wu_rescaled_bootstrap,2000,2000,1.0,109
MEC examination sample,inflammatory comparison sample,model3_inflammatory,Model 3 inflammatory,elastic_net,combined_mec_weight,weighted_observed_prevalence,0.08800566465490338,0.08797433194354841,-3.1332711354969955e-05,0.002249232302824055,0.08353695680858696,0.09220626989055677,0.95,percentile,rao_wu_rescaled_bootstrap,2000,2000,1.0,109
MEC examination sample,inflammatory comparison sample,model3_inflammatory,Model 3 inflammatory,elastic_net,combined_mec_weight,weighted_mean_predicted_probability,0.08800767594777233,0.08795569677943513,-5.1979168337198955e-05,0.0014982055153547756,0.08502658050701452,0.0909389799950896,0.95,percentile,rao_wu_rescaled_bootstrap,2000,2000,1.0,109
MEC examination sample,inflammatory comparison sample,model3_inflammatory,Model 3 inflammatory,elastic_net,combined_mec_weight,calibration_in_the_large,0.00035271268527584506,-0.0005742649453086497,-0.0009269776305844948,0.019849010961280805,-0.03948589861639294,0.03805787835556852,0.95,percentile,rao_wu_rescaled_bootstrap,2000,2000,1.0,109
MEC examination sample,inflammatory comparison sample,model3_inflammatory,Model 3 inflammatory,xgboost,combined_mec_weight,survey_weighted_AUROC,0.8534213735248428,0.8532970448517411,-0.0001243286731017479,0.003758333893340116,0.8458361207917516,0.8606502204034566,0.95,percentile,rao_wu_rescaled_bootstrap,2000,2000,1.0,109
MEC examination sample,inflammatory comparison sample,model3_inflammatory,Model 3 inflammatory,xgboost,combined_mec_weight,survey_weighted_PR_AUC,0.38342142636415544,0.38612769536696906,0.0027062690028136216,0.008595596256310192,0.3687778544177573,0.4028602990736908,0.95,percentile,rao_wu_rescaled_bootstrap,2000,2000,1.0,109
MEC examination sample,inflammatory comparison sample,model3_inflammatory,Model 3 inflammatory,xgboost,combined_mec_weight,weighted_Brier,0.06519985914525439,0.06517862377671271,-2.1235368541677735e-05,0.001474368253277,0.06219446291318159,0.06809349465190558,0.95,percentile,rao_wu_rescaled_bootstrap,2000,2000,1.0,109
MEC examination sample,inflammatory comparison sample,model3_inflammatory,Model 3 inflammatory,xgboost,combined_mec_weight,weighted_log_loss,0.22421379064804675,0.22414950954554963,-6.428110249712127e-05,0.004355017014816807,0.2155564973516257,0.23257996835348801,0.95,percentile,rao_wu_rescaled_bootstrap,2000,2000,1.0,109
MEC examination sample,inflammatory comparison sample,model3_inflammatory,Model 3 inflammatory,xgboost,combined_mec_weight,calibration_intercept,0.04021972975699384,0.04150180099597829,0.001282071238984453,0.03697236566442101,-0.030385979753586985,0.11220288489534323,0.95,percentile,rao_wu_rescaled_bootstrap,2000,2000,1.0,109
MEC examination sample,inflammatory comparison sample,model3_inflammatory,Model 3 inflammatory,xgboost,combined_mec_weight,calibration_slope,1.018923675159357,1.0208869584489355,0.001963283289578621,0.01726692915848915,0.9871297173816731,1.0541928460743433,0.95,percentile,rao_wu_rescaled_bootstrap,2000,2000,1.0,109
MEC examination sample,inflammatory comparison sample,model3_inflammatory,Model 3 inflammatory,xgboost,combined_mec_weight,observed_expected_ratio,1.0076270217095722,1.007710585183505,8.356347393290164e-05,0.01842146358655246,0.9729199164183585,1.044452688033745,0.95,percentile,rao_wu_rescaled_bootstrap,2000,2000,1.0,109
MEC examination sample,inflammatory comparison sample,model3_inflammatory,Model 3 inflammatory,xgboost,combined_mec_weight,weighted_observed_prevalence,0.08800566465490338,0.08797433194354841,-3.1332711354969955e-05,0.002249232302824055,0.08353695680858696,0.09220626989055677,0.95,percentile,rao_wu_rescaled_bootstrap,2000,2000,1.0,109
MEC examination sample,inflammatory comparison sample,model3_inflammatory,Model 3 inflammatory,xgboost,combined_mec_weight,weighted_mean_predicted_probability,0.08772148784012468,0.0876715164612948,-4.997137882988001e-05,0.0014361666951470996,0.08483087014547913,0.09050291387138176,0.95,percentile,rao_wu_rescaled_bootstrap,2000,2000,1.0,109
MEC examination sample,inflammatory comparison sample,model3_inflammatory,Model 3 inflammatory,xgboost,combined_mec_weight,calibration_in_the_large,0.00536909654047354,0.00436623447090054,-0.0010028620695730003,0.019950045117805487,-0.03436990707386315,0.04362905487285556,0.95,percentile,rao_wu_rescaled_bootstrap,2000,2000,1.0,109
MEC examination sample,renal comparison sample,model1_renal,Model 1 renal,elastic_net,combined_mec_weight,survey_weighted_AUROC,0.853197957928053,0.8530963237213074,-0.00010163420674558221,0.0037664472204278735,0.8460011899988626,0.8603716794518295,0.95,percentile,rao_wu_rescaled_bootstrap,2000,2000,1.0,109
MEC examination sample,renal comparison sample,model1_renal,Model 1 renal,elastic_net,combined_mec_weight,survey_weighted_PR_AUC,0.3851329630071481,0.387363565054702,0.0022306020475538757,0.008397626352635957,0.37138535290860963,0.4033023369390692,0.95,percentile,rao_wu_rescaled_bootstrap,2000,2000,1.0,109
MEC examination sample,renal comparison sample,model1_renal,Model 1 renal,elastic_net,combined_mec_weight,weighted_Brier,0.06491590828999438,0.06489576862083858,-2.0139669155802564e-05,0.0014938191959764893,0.06187059591038019,0.06790207353797575,0.95,percentile,rao_wu_rescaled_bootstrap,2000,2000,1.0,109
MEC examination sample,renal comparison sample,model1_renal,Model 1 renal,elastic_net,combined_mec_weight,weighted_log_loss,0.22367701090243308,0.22361644132403835,-6.0569578394731316e-05,0.004450793978613659,0.2146066365239346,0.23237184833327612,0.95,percentile,rao_wu_rescaled_bootstrap,2000,2000,1.0,109
MEC examination sample,renal comparison sample,model1_renal,Model 1 renal,elastic_net,combined_mec_weight,calibration_intercept,-0.00861399256141676,-0.007283761776785361,0.0013302307846313989,0.036140825802508804,-0.07713359072130203,0.06214586295152235,0.95,percentile,rao_wu_rescaled_bootstrap,2000,2000,1.0,109
MEC examination sample,renal comparison sample,model1_renal,Model 1 renal,elastic_net,combined_mec_weight,calibration_slope,0.9951992125567832,0.9971290485007339,0.0019298359439506863,0.017371124115009365,0.9630517347037602,1.0308390814547246,0.95,percentile,rao_wu_rescaled_bootstrap,2000,2000,1.0,109
MEC examination sample,renal comparison sample,model1_renal,Model 1 renal,elastic_net,combined_mec_weight,observed_expected_ratio,1.0006333381964496,1.0006667204335429,3.338223709326016e-05,0.018127116737563623,0.9655540441741927,1.036666163908904,0.95,percentile,rao_wu_rescaled_bootstrap,2000,2000,1.0,109
MEC examination sample,renal comparison sample,model1_renal,Model 1 renal,elastic_net,combined_mec_weight,weighted_observed_prevalence,0.08800566465490338,0.08797433194354841,-3.1332711354969955e-05,0.002249232302824055,0.08353695680858696,0.09220626989055677,0.95,percentile,rao_wu_rescaled_bootstrap,2000,2000,1.0,109
MEC examination sample,renal comparison sample,model1_renal,Model 1 renal,elastic_net,combined_mec_weight,weighted_mean_predicted_probability,0.08799947680615193,0.08795394405866062,-4.553274749130587e-05,0.001470680983474383,0.0850368936629172,0.09082313259187583,0.95,percentile,rao_wu_rescaled_bootstrap,2000,2000,1.0,109
MEC examination sample,renal comparison sample,model1_renal,Model 1 renal,elastic_net,combined_mec_weight,calibration_in_the_large,-0.00010728076990591211,-0.001172111130489205,-0.0010648303605832927,0.019829414147448786,-0.03963991054577033,0.037995644943188266,0.95,percentile,rao_wu_rescaled_bootstrap,2000,2000,1.0,109
MEC examination sample,renal comparison sample,model1_renal,Model 1 renal,xgboost,combined_mec_weight,survey_weighted_AUROC,0.8555303310604702,0.8554079422565508,-0.0001223888039193488,0.0037356281748313655,0.8481667446436828,0.8626270277939514,0.95,percentile,rao_wu_rescaled_bootstrap,2000,2000,1.0,109
MEC examination sample,renal comparison sample,model1_renal,Model 1 renal,xgboost,combined_mec_weight,survey_weighted_PR_AUC,0.3917857038192977,0.3944209963989057,0.002635292579607984,0.008612282100351107,0.37796660109589014,0.41168209526314625,0.95,percentile,rao_wu_rescaled_bootstrap,2000,2000,1.0,109
MEC examination sample,renal comparison sample,model1_renal,Model 1 renal,xgboost,combined_mec_weight,weighted_Brier,0.06460366886332677,0.0645785512927188,-2.511757060796871e-05,0.001490376532136735,0.06161482270969437,0.06757354525820412,0.95,percentile,rao_wu_rescaled_bootstrap,2000,2000,1.0,109
MEC examination sample,renal comparison sample,model1_renal,Model 1 renal,xgboost,combined_mec_weight,weighted_log_loss,0.22260884846425832,0.22254203021031702,-6.681825394130869e-05,0.0043990241548254715,0.2138367168167967,0.23114840031039238,0.95,percentile,rao_wu_rescaled_bootstrap,2000,2000,1.0,109
MEC examination sample,renal comparison sample,model1_renal,Model 1 renal,xgboost,combined_mec_weight,calibration_intercept,0.02074177460817948,0.022327084218875633,0.0015853096106961534,0.037515797859273746,-0.05195415443815192,0.09386008185899977,0.95,percentile,rao_wu_rescaled_bootstrap,2000,2000,1.0,109
MEC examination sample,renal comparison sample,model1_renal,Model 1 renal,xgboost,combined_mec_weight,calibration_slope,1.0094208458977236,1.0116378121687506,0.0022169662710269655,0.017859032593651174,0.9776561355154919,1.0465141968610387,0.95,percentile,rao_wu_rescaled_bootstrap,2000,2000,1.0,109
MEC examination sample,renal comparison sample,model1_renal,Model 1 renal,xgboost,combined_mec_weight,observed_expected_ratio,1.0049380929486118,1.0049653040644517,2.7211115839920197e-05,0.01855544293805428,0.9687946079190293,1.04243985793211,0.95,percentile,rao_wu_rescaled_bootstrap,2000,2000,1.0,109
MEC examination sample,renal comparison sample,model1_renal,Model 1 renal,xgboost,combined_mec_weight,weighted_observed_prevalence,0.08800566465490338,0.08797433194354841,-3.1332711354969955e-05,0.002249232302824055,0.08353695680858696,0.09220626989055677,0.95,percentile,rao_wu_rescaled_bootstrap,2000,2000,1.0,109
MEC examination sample,renal comparison sample,model1_renal,Model 1 renal,xgboost,combined_mec_weight,weighted_mean_predicted_probability,0.08778773560732121,0.08774424503629605,-4.349057102516485e-05,0.0014238576244247037,0.08494018768788587,0.0905541033654629,0.95,percentile,rao_wu_rescaled_bootstrap,2000,2000,1.0,109
MEC examination sample,renal comparison sample,model1_renal,Model 1 renal,xgboost,combined_mec_weight,calibration_in_the_large,0.0035734285185727694,0.0024626019761659936,-0.0011108265424067758,0.020189368166758218,-0.036684188331473876,0.04261406310331522,0.95,percentile,rao_wu_rescaled_bootstrap,2000,2000,1.0,109
fasting subsample,combined comparison sample,model0_paired_combined,Model 0 paired combined sample,elastic_net,combined_fasting_weight,survey_weighted_AUROC,0.8443926674263104,0.8442247656330938,-0.00016790179321657384,0.005695575544008959,0.8329400786481845,0.8560443829162543,0.95,percentile,rao_wu_rescaled_bootstrap,2000,2000,1.0,109
fasting subsample,combined comparison sample,model0_paired_combined,Model 0 paired combined sample,elastic_net,combined_fasting_weight,survey_weighted_PR_AUC,0.37028855318213466,0.37402969658180785,0.0037411433996731858,0.012178277816998408,0.34954844178344585,0.3967894333925193,0.95,percentile,rao_wu_rescaled_bootstrap,2000,2000,1.0,109
fasting subsample,combined comparison sample,model0_paired_combined,Model 0 paired combined sample,elastic_net,combined_fasting_weight,weighted_Brier,0.06864828784843584,0.06859452112624623,-5.376672218961043e-05,0.002226017663102101,0.06412891959328608,0.07284841063998196,0.95,percentile,rao_wu_rescaled_bootstrap,2000,2000,1.0,109
fasting subsample,combined comparison sample,model0_paired_combined,Model 0 paired combined sample,elastic_net,combined_fasting_weight,weighted_log_loss,0.23528814773217316,0.23512962724430916,-0.00015852048786399453,0.006666978242088501,0.2219070148896622,0.2477568660205653,0.95,percentile,rao_wu_rescaled_bootstrap,2000,2000,1.0,109
fasting subsample,combined comparison sample,model0_paired_combined,Model 0 paired combined sample,elastic_net,combined_fasting_weight,calibration_intercept,-0.017193393133744652,-0.01676255095548263,0.00043084217826202045,0.05564016690880135,-0.12944007725214213,0.09165866407271936,0.95,percentile,rao_wu_rescaled_bootstrap,2000,2000,1.0,109
fasting subsample,combined comparison sample,model0_paired_combined,Model 0 paired combined sample,elastic_net,combined_fasting_weight,calibration_slope,0.9919144717413245,0.9957432053852869,0.003828733643962412,0.026392425211618283,0.9457661987585421,1.04976432991555,0.95,percentile,rao_wu_rescaled_bootstrap,2000,2000,1.0,109
fasting subsample,combined comparison sample,model0_paired_combined,Model 0 paired combined sample,elastic_net,combined_fasting_weight,observed_expected_ratio,1.0007789878671982,0.9997934051426685,-0.0009855827245297544,0.027807540299323013,0.9454511002229476,1.0515737406273975,0.95,percentile,rao_wu_rescaled_bootstrap,2000,2000,1.0,109
fasting subsample,combined comparison sample,model0_paired_combined,Model 0 paired combined sample,elastic_net,combined_fasting_weight,weighted_observed_prevalence,0.09178738509515354,0.09170394757066022,-8.343752449331554e-05,0.0033946338584956597,0.08497160387016178,0.0983700684646516,0.95,percentile,rao_wu_rescaled_bootstrap,2000,2000,1.0,109
fasting subsample,combined comparison sample,model0_paired_combined,Model 0 paired combined sample,elastic_net,combined_fasting_weight,weighted_mean_predicted_probability,0.09181097669038417,0.09175186471747096,-5.911197291320891e-05,0.001849252000540028,0.08815448684405121,0.095299474159351,0.95,percentile,rao_wu_rescaled_bootstrap,2000,2000,1.0,109
fasting subsample,combined comparison sample,model0_paired_combined,Model 0 paired combined sample,elastic_net,combined_fasting_weight,calibration_in_the_large,-0.001022747029337864,-0.004653795091869627,-0.003631048062531763,0.03056305806253459,-0.06618200477063681,0.05114143413644324,0.95,percentile,rao_wu_rescaled_bootstrap,2000,2000,1.0,109
fasting subsample,combined comparison sample,model0_paired_combined,Model 0 paired combined sample,xgboost,combined_fasting_weight,survey_weighted_AUROC,0.8457207918876039,0.845644143579571,-7.664830803288947e-05,0.005813430870139013,0.8341522794396966,0.857466161613742,0.95,percentile,rao_wu_rescaled_bootstrap,2000,2000,1.0,109
fasting subsample,combined comparison sample,model0_paired_combined,Model 0 paired combined sample,xgboost,combined_fasting_weight,survey_weighted_PR_AUC,0.38418486522034756,0.3884367451673763,0.004251879947028747,0.013238218136797927,0.36220734584104924,0.4133063333390595,0.95,percentile,rao_wu_rescaled_bootstrap,2000,2000,1.0,109
fasting subsample,combined comparison sample,model0_paired_combined,Model 0 paired combined sample,xgboost,combined_fasting_weight,weighted_Brier,0.0681796463587806,0.06809917058558233,-8.047577319826582e-05,0.0022547264391297854,0.06362283161763219,0.07241763693054235,0.95,percentile,rao_wu_rescaled_bootstrap,2000,2000,1.0,109
fasting subsample,combined comparison sample,model0_paired_combined,Model 0 paired combined sample,xgboost,combined_fasting_weight,weighted_log_loss,0.23446041677059526,0.23423041528467742,-0.0002300014859178412,0.0067914662615014025,0.2207084659615732,0.2471567103701382,0.95,percentile,rao_wu_rescaled_bootstrap,2000,2000,1.0,109
fasting subsample,combined comparison sample,model0_paired_combined,Model 0 paired combined sample,xgboost,combined_fasting_weight,calibration_intercept,0.026148723285490862,0.02830711014988309,0.002158386864392226,0.05434264219731612,-0.07967026860131406,0.12948900538054042,0.95,percentile,rao_wu_rescaled_bootstrap,2000,2000,1.0,109
fasting subsample,combined comparison sample,model0_paired_combined,Model 0 paired combined sample,xgboost,combined_fasting_weight,calibration_slope,1.0161288583406676,1.0212545313492467,0.005125673008579135,0.02759720408118137,0.9691072847084167,1.0753918206453983,0.95,percentile,rao_wu_rescaled_bootstrap,2000,2000,1.0,109
fasting subsample,combined comparison sample,model0_paired_combined,Model 0 paired combined sample,xgboost,combined_fasting_weight,observed_expected_ratio,1.0052485990048488,1.0041613817230288,-0.00108721728181993,0.02842629541624074,0.9478652765720953,1.0580879171514053,0.95,percentile,rao_wu_rescaled_bootstrap,2000,2000,1.0,109
fasting subsample,combined comparison sample,model0_paired_combined,Model 0 paired combined sample,xgboost,combined_fasting_weight,weighted_observed_prevalence,0.09178738509515354,0.09170394757066022,-8.343752449331554e-05,0.0033946338584956597,0.08497160387016178,0.0983700684646516,0.95,percentile,rao_wu_rescaled_bootstrap,2000,2000,1.0,109
fasting subsample,combined comparison sample,model0_paired_combined,Model 0 paired combined sample,xgboost,combined_fasting_weight,weighted_mean_predicted_probability,0.09171552304108067,0.09166321404482497,-5.2308996255703843e-05,0.0018339500091013052,0.08806883041377042,0.09521098726349128,0.95,percentile,rao_wu_rescaled_bootstrap,2000,2000,1.0,109
fasting subsample,combined comparison sample,model0_paired_combined,Model 0 paired combined sample,xgboost,combined_fasting_weight,calibration_in_the_large,0.001798299332963779,-0.0019392176752108773,-0.0037375170081746564,0.031028008808528965,-0.06381663276630763,0.05568762321573582,0.95,percentile,rao_wu_rescaled_bootstrap,2000,2000,1.0,109
fasting subsample,combined comparison sample,model4_combined,Model 4 combined biomarkers,elastic_net,combined_fasting_weight,survey_weighted_AUROC,0.8519261922736969,0.8518410903662671,-8.510190742982982e-05,0.005305419581083306,0.8417240464177635,0.8627346596704571,0.95,percentile,rao_wu_rescaled_bootstrap,2000,2000,1.0,109
fasting subsample,combined comparison sample,model4_combined,Model 4 combined biomarkers,elastic_net,combined_fasting_weight,survey_weighted_PR_AUC,0.39527657245033126,0.3998720728070609,0.00459550035672962,0.01232982802865498,0.3740182085760879,0.42316654385292024,0.95,percentile,rao_wu_rescaled_bootstrap,2000,2000,1.0,109
fasting subsample,combined comparison sample,model4_combined,Model 4 combined biomarkers,elastic_net,combined_fasting_weight,weighted_Brier,0.06725115805094692,0.0672016680365747,-4.949001437222489e-05,0.0022321169589116703,0.06277356715637462,0.07155074373976002,0.95,percentile,rao_wu_rescaled_bootstrap,2000,2000,1.0,109
fasting subsample,combined comparison sample,model4_combined,Model 4 combined biomarkers,elastic_net,combined_fasting_weight,weighted_log_loss,0.23093297442069258,0.23078432124602716,-0.0001486531746654196,0.006641977244393492,0.2177096167648375,0.24332936503771177,0.95,percentile,rao_wu_rescaled_bootstrap,2000,2000,1.0,109
fasting subsample,combined comparison sample,model4_combined,Model 4 combined biomarkers,elastic_net,combined_fasting_weight,calibration_intercept,-0.019038077721075054,-0.018768527827583998,0.0002695498934910563,0.05182221506274657,-0.1221841693500557,0.08309670618938485,0.95,percentile,rao_wu_rescaled_bootstrap,2000,2000,1.0,109
fasting subsample,combined comparison sample,model4_combined,Model 4 combined biomarkers,elastic_net,combined_fasting_weight,calibration_slope,0.9907635248785862,0.994354230539742,0.003590705661155824,0.023806428660611553,0.948111678581802,1.0434172405275113,0.95,percentile,rao_wu_rescaled_bootstrap,2000,2000,1.0,109
fasting subsample,combined comparison sample,model4_combined,Model 4 combined biomarkers,elastic_net,combined_fasting_weight,observed_expected_ratio,1.0006346286653836,0.99955949341261,-0.0010751352527735847,0.027257592063404803,0.9465491017809111,1.0518699955377069,0.95,percentile,rao_wu_rescaled_bootstrap,2000,2000,1.0,109
fasting subsample,combined comparison sample,model4_combined,Model 4 combined biomarkers,elastic_net,combined_fasting_weight,weighted_observed_prevalence,0.09178738509515354,0.09170394757066022,-8.343752449331554e-05,0.0033946338584956597,0.08497160387016178,0.0983700684646516,0.95,percentile,rao_wu_rescaled_bootstrap,2000,2000,1.0,109
fasting subsample,combined comparison sample,model4_combined,Model 4 combined biomarkers,elastic_net,combined_fasting_weight,weighted_mean_predicted_probability,0.09177569007540679,0.0917235299697113,-5.216010569548957e-05,0.0018713164526658636,0.08807277299113025,0.0952731994023191,0.95,percentile,rao_wu_rescaled_bootstrap,2000,2000,1.0,109
fasting subsample,combined comparison sample,model4_combined,Model 4 combined biomarkers,elastic_net,combined_fasting_weight,calibration_in_the_large,-0.0008370283043039249,-0.004557402381941881,-0.003720374077637956,0.030102498492721338,-0.06359007134745652,0.05135179317625215,0.95,percentile,rao_wu_rescaled_bootstrap,2000,2000,1.0,109
fasting subsample,combined comparison sample,model4_combined,Model 4 combined biomarkers,xgboost,combined_fasting_weight,survey_weighted_AUROC,0.8494451399965894,0.8494613501547812,1.6210158191753976e-05,0.005692169406856766,0.8383959201408253,0.8608435027491037,0.95,percentile,rao_wu_rescaled_bootstrap,2000,2000,1.0,109
fasting subsample,combined comparison sample,model4_combined,Model 4 combined biomarkers,xgboost,combined_fasting_weight,survey_weighted_PR_AUC,0.4046063254870792,0.4099428742576394,0.005336548770560223,0.012328165050914582,0.3852892424131442,0.43384225996938885,0.95,percentile,rao_wu_rescaled_bootstrap,2000,2000,1.0,109
fasting subsample,combined comparison sample,model4_combined,Model 4 combined biomarkers,xgboost,combined_fasting_weight,weighted_Brier,0.06725896226625333,0.0671682453991438,-9.071686710952764e-05,0.002306704065243404,0.06264056035150722,0.0717306768846369,0.95,percentile,rao_wu_rescaled_bootstrap,2000,2000,1.0,109
fasting subsample,combined comparison sample,model4_combined,Model 4 combined biomarkers,xgboost,combined_fasting_weight,weighted_log_loss,0.2317487363875899,0.2314934194983417,-0.0002553168892481805,0.006876643178466328,0.2176424228647054,0.24475872890412234,0.95,percentile,rao_wu_rescaled_bootstrap,2000,2000,1.0,109
fasting subsample,combined comparison sample,model4_combined,Model 4 combined biomarkers,xgboost,combined_fasting_weight,calibration_intercept,0.017045129148289317,0.020147359203516308,0.0031022300552269906,0.05123078995108648,-0.07860100248767148,0.11908910028707395,0.95,percentile,rao_wu_rescaled_bootstrap,2000,2000,1.0,109
fasting subsample,combined comparison sample,model4_combined,Model 4 combined biomarkers,xgboost,combined_fasting_weight,calibration_slope,1.0067917920288496,1.0123595886815968,0.005567796652747203,0.026253907506148394,0.963546440402043,1.063751885559362,0.95,percentile,rao_wu_rescaled_bootstrap,2000,2000,1.0,109
fasting subsample,combined comparison sample,model4_combined,Model 4 combined biomarkers,xgboost,combined_fasting_weight,observed_expected_ratio,1.009447796386636,1.0084043354870948,-0.0010434608995411043,0.028345095944849637,0.9518486252414474,1.0616393040263437,0.95,percentile,rao_wu_rescaled_bootstrap,2000,2000,1.0,109
fasting subsample,combined comparison sample,model4_combined,Model 4 combined biomarkers,xgboost,combined_fasting_weight,weighted_observed_prevalence,0.09178738509515354,0.09170394757066022,-8.343752449331554e-05,0.0033946338584956597,0.08497160387016178,0.0983700684646516,0.95,percentile,rao_wu_rescaled_bootstrap,2000,2000,1.0,109
fasting subsample,combined comparison sample,model4_combined,Model 4 combined biomarkers,xgboost,combined_fasting_weight,weighted_mean_predicted_probability,0.09127250820323755,0.09121634197178133,-5.616623145622557e-05,0.0017864591171645012,0.08773192527504356,0.09456248539150829,0.95,percentile,rao_wu_rescaled_bootstrap,2000,2000,1.0,109
fasting subsample,combined comparison sample,model4_combined,Model 4 combined biomarkers,xgboost,combined_fasting_weight,calibration_in_the_large,0.006921064264013526,0.003156563705838101,-0.0037645005581754248,0.031002719192396947,-0.0591517059033154,0.061646170103685775,0.95,percentile,rao_wu_rescaled_bootstrap,2000,2000,1.0,109
fasting subsample,metabolic comparison sample,model0_paired_metabolic,Model 0 paired metabolic sample,elastic_net,combined_fasting_weight,survey_weighted_AUROC,0.8443926674263104,0.8442247656330938,-0.00016790179321657384,0.005695575544008959,0.8329400786481845,0.8560443829162543,0.95,percentile,rao_wu_rescaled_bootstrap,2000,2000,1.0,109
fasting subsample,metabolic comparison sample,model0_paired_metabolic,Model 0 paired metabolic sample,elastic_net,combined_fasting_weight,survey_weighted_PR_AUC,0.37028855318213466,0.37402969658180785,0.0037411433996731858,0.012178277816998408,0.34954844178344585,0.3967894333925193,0.95,percentile,rao_wu_rescaled_bootstrap,2000,2000,1.0,109
fasting subsample,metabolic comparison sample,model0_paired_metabolic,Model 0 paired metabolic sample,elastic_net,combined_fasting_weight,weighted_Brier,0.06864828784843584,0.06859452112624623,-5.376672218961043e-05,0.002226017663102101,0.06412891959328608,0.07284841063998196,0.95,percentile,rao_wu_rescaled_bootstrap,2000,2000,1.0,109
fasting subsample,metabolic comparison sample,model0_paired_metabolic,Model 0 paired metabolic sample,elastic_net,combined_fasting_weight,weighted_log_loss,0.23528814773217316,0.23512962724430916,-0.00015852048786399453,0.006666978242088501,0.2219070148896622,0.2477568660205653,0.95,percentile,rao_wu_rescaled_bootstrap,2000,2000,1.0,109
fasting subsample,metabolic comparison sample,model0_paired_metabolic,Model 0 paired metabolic sample,elastic_net,combined_fasting_weight,calibration_intercept,-0.017193393133744652,-0.01676255095548263,0.00043084217826202045,0.05564016690880135,-0.12944007725214213,0.09165866407271936,0.95,percentile,rao_wu_rescaled_bootstrap,2000,2000,1.0,109
fasting subsample,metabolic comparison sample,model0_paired_metabolic,Model 0 paired metabolic sample,elastic_net,combined_fasting_weight,calibration_slope,0.9919144717413245,0.9957432053852869,0.003828733643962412,0.026392425211618283,0.9457661987585421,1.04976432991555,0.95,percentile,rao_wu_rescaled_bootstrap,2000,2000,1.0,109
fasting subsample,metabolic comparison sample,model0_paired_metabolic,Model 0 paired metabolic sample,elastic_net,combined_fasting_weight,observed_expected_ratio,1.0007789878671982,0.9997934051426685,-0.0009855827245297544,0.027807540299323013,0.9454511002229476,1.0515737406273975,0.95,percentile,rao_wu_rescaled_bootstrap,2000,2000,1.0,109
fasting subsample,metabolic comparison sample,model0_paired_metabolic,Model 0 paired metabolic sample,elastic_net,combined_fasting_weight,weighted_observed_prevalence,0.09178738509515354,0.09170394757066022,-8.343752449331554e-05,0.0033946338584956597,0.08497160387016178,0.0983700684646516,0.95,percentile,rao_wu_rescaled_bootstrap,2000,2000,1.0,109
fasting subsample,metabolic comparison sample,model0_paired_metabolic,Model 0 paired metabolic sample,elastic_net,combined_fasting_weight,weighted_mean_predicted_probability,0.09181097669038417,0.09175186471747096,-5.911197291320891e-05,0.001849252000540028,0.08815448684405121,0.095299474159351,0.95,percentile,rao_wu_rescaled_bootstrap,2000,2000,1.0,109
fasting subsample,metabolic comparison sample,model0_paired_metabolic,Model 0 paired metabolic sample,elastic_net,combined_fasting_weight,calibration_in_the_large,-0.001022747029337864,-0.004653795091869627,-0.003631048062531763,0.03056305806253459,-0.06618200477063681,0.05114143413644324,0.95,percentile,rao_wu_rescaled_bootstrap,2000,2000,1.0,109
fasting subsample,metabolic comparison sample,model0_paired_metabolic,Model 0 paired metabolic sample,xgboost,combined_fasting_weight,survey_weighted_AUROC,0.8457207918876039,0.845644143579571,-7.664830803288947e-05,0.005813430870139013,0.8341522794396966,0.857466161613742,0.95,percentile,rao_wu_rescaled_bootstrap,2000,2000,1.0,109
fasting subsample,metabolic comparison sample,model0_paired_metabolic,Model 0 paired metabolic sample,xgboost,combined_fasting_weight,survey_weighted_PR_AUC,0.38418486522034756,0.3884367451673763,0.004251879947028747,0.013238218136797927,0.36220734584104924,0.4133063333390595,0.95,percentile,rao_wu_rescaled_bootstrap,2000,2000,1.0,109
fasting subsample,metabolic comparison sample,model0_paired_metabolic,Model 0 paired metabolic sample,xgboost,combined_fasting_weight,weighted_Brier,0.0681796463587806,0.06809917058558233,-8.047577319826582e-05,0.0022547264391297854,0.06362283161763219,0.07241763693054235,0.95,percentile,rao_wu_rescaled_bootstrap,2000,2000,1.0,109
fasting subsample,metabolic comparison sample,model0_paired_metabolic,Model 0 paired metabolic sample,xgboost,combined_fasting_weight,weighted_log_loss,0.23446041677059526,0.23423041528467742,-0.0002300014859178412,0.0067914662615014025,0.2207084659615732,0.2471567103701382,0.95,percentile,rao_wu_rescaled_bootstrap,2000,2000,1.0,109
fasting subsample,metabolic comparison sample,model0_paired_metabolic,Model 0 paired metabolic sample,xgboost,combined_fasting_weight,calibration_intercept,0.026148723285490862,0.02830711014988309,0.002158386864392226,0.05434264219731612,-0.07967026860131406,0.12948900538054042,0.95,percentile,rao_wu_rescaled_bootstrap,2000,2000,1.0,109
fasting subsample,metabolic comparison sample,model0_paired_metabolic,Model 0 paired metabolic sample,xgboost,combined_fasting_weight,calibration_slope,1.0161288583406676,1.0212545313492467,0.005125673008579135,0.02759720408118137,0.9691072847084167,1.0753918206453983,0.95,percentile,rao_wu_rescaled_bootstrap,2000,2000,1.0,109
fasting subsample,metabolic comparison sample,model0_paired_metabolic,Model 0 paired metabolic sample,xgboost,combined_fasting_weight,observed_expected_ratio,1.0052485990048488,1.0041613817230288,-0.00108721728181993,0.02842629541624074,0.9478652765720953,1.0580879171514053,0.95,percentile,rao_wu_rescaled_bootstrap,2000,2000,1.0,109
fasting subsample,metabolic comparison sample,model0_paired_metabolic,Model 0 paired metabolic sample,xgboost,combined_fasting_weight,weighted_observed_prevalence,0.09178738509515354,0.09170394757066022,-8.343752449331554e-05,0.0033946338584956597,0.08497160387016178,0.0983700684646516,0.95,percentile,rao_wu_rescaled_bootstrap,2000,2000,1.0,109
fasting subsample,metabolic comparison sample,model0_paired_metabolic,Model 0 paired metabolic sample,xgboost,combined_fasting_weight,weighted_mean_predicted_probability,0.09171552304108067,0.09166321404482497,-5.2308996255703843e-05,0.0018339500091013052,0.08806883041377042,0.09521098726349128,0.95,percentile,rao_wu_rescaled_bootstrap,2000,2000,1.0,109
fasting subsample,metabolic comparison sample,model0_paired_metabolic,Model 0 paired metabolic sample,xgboost,combined_fasting_weight,calibration_in_the_large,0.001798299332963779,-0.0019392176752108773,-0.0037375170081746564,0.031028008808528965,-0.06381663276630763,0.05568762321573582,0.95,percentile,rao_wu_rescaled_bootstrap,2000,2000,1.0,109
fasting subsample,metabolic comparison sample,model2_metabolic,Model 2 metabolic,elastic_net,combined_fasting_weight,survey_weighted_AUROC,0.8457410543585008,0.845524553339232,-0.00021650101926873333,0.005733153721403398,0.8342878894716061,0.8571609948393879,0.95,percentile,rao_wu_rescaled_bootstrap,2000,2000,1.0,109
fasting subsample,metabolic comparison sample,model2_metabolic,Model 2 metabolic,elastic_net,combined_fasting_weight,survey_weighted_PR_AUC,0.3708485587495131,0.37467341767267154,0.003824858923158425,0.012160649932496766,0.3498680270725681,0.39745900871136447,0.95,percentile,rao_wu_rescaled_bootstrap,2000,2000,1.0,109
fasting subsample,metabolic comparison sample,model2_metabolic,Model 2 metabolic,elastic_net,combined_fasting_weight,weighted_Brier,0.0685360994496825,0.06848447194082864,-5.162750885386036e-05,0.0022158367662641057,0.06403827029715381,0.07274810740975644,0.95,percentile,rao_wu_rescaled_bootstrap,2000,2000,1.0,109
fasting subsample,metabolic comparison sample,model2_metabolic,Model 2 metabolic,elastic_net,combined_fasting_weight,weighted_log_loss,0.23478105026694926,0.2346273169955315,-0.00015373327141776638,0.006628497405794956,0.2214302259102531,0.24707465894594502,0.95,percentile,rao_wu_rescaled_bootstrap,2000,2000,1.0,109
fasting subsample,metabolic comparison sample,model2_metabolic,Model 2 metabolic,elastic_net,combined_fasting_weight,calibration_intercept,-0.017076454523112714,-0.016858383237813343,0.00021807128529937117,0.055546164898847464,-0.12984036977649396,0.09238470793136193,0.95,percentile,rao_wu_rescaled_bootstrap,2000,2000,1.0,109
fasting subsample,metabolic comparison sample,model2_metabolic,Model 2 metabolic,elastic_net,combined_fasting_weight,calibration_slope,0.9923443077638815,0.996070828184506,0.0037265204206244906,0.026408980410696163,0.9447264857069082,1.0498038965204548,0.95,percentile,rao_wu_rescaled_bootstrap,2000,2000,1.0,109
fasting subsample,metabolic comparison sample,model2_metabolic,Model 2 metabolic,elastic_net,combined_fasting_weight,observed_expected_ratio,1.000018212786115,0.9989874413220601,-0.001030771464054947,0.027529773779232845,0.9449363516901458,1.0499665526878257,0.95,percentile,rao_wu_rescaled_bootstrap,2000,2000,1.0,109
fasting subsample,metabolic comparison sample,model2_metabolic,Model 2 metabolic,elastic_net,combined_fasting_weight,weighted_observed_prevalence,0.09178738509515354,0.09170394757066022,-8.343752449331554e-05,0.0033946338584956597,0.08497160387016178,0.0983700684646516,0.95,percentile,rao_wu_rescaled_bootstrap,2000,2000,1.0,109
fasting subsample,metabolic comparison sample,model2_metabolic,Model 2 metabolic,elastic_net,combined_fasting_weight,weighted_mean_predicted_probability,0.09184901476816977,0.09179039025694771,-5.862451122205792e-05,0.0018481992419219443,0.08819261758479666,0.09535424674644237,0.95,percentile,rao_wu_rescaled_bootstrap,2000,2000,1.0,109
fasting subsample,metabolic comparison sample,model2_metabolic,Model 2 metabolic,elastic_net,combined_fasting_weight,calibration_in_the_large,-0.0015956351381434888,-0.0052326662456645984,-0.00363703110752111,0.030290262157515402,-0.0657446517073443,0.04996748504662788,0.95,percentile,rao_wu_rescaled_bootstrap,2000,2000,1.0,109
fasting subsample,metabolic comparison sample,model2_metabolic,Model 2 metabolic,xgboost,combined_fasting_weight,survey_weighted_AUROC,0.8462215301943032,0.8460886624559277,-0.00013286773837550836,0.005679541613544036,0.8351643272406563,0.8575458729091536,0.95,percentile,rao_wu_rescaled_bootstrap,2000,2000,1.0,109
fasting subsample,metabolic comparison sample,model2_metabolic,Model 2 metabolic,xgboost,combined_fasting_weight,survey_weighted_PR_AUC,0.38113608880223326,0.3859263887230376,0.0047902999208043195,0.012689734954618429,0.35982354378634934,0.4104435580565975,0.95,percentile,rao_wu_rescaled_bootstrap,2000,2000,1.0,109
fasting subsample,metabolic comparison sample,model2_metabolic,Model 2 metabolic,xgboost,combined_fasting_weight,weighted_Brier,0.06848971361597744,0.06841397524254636,-7.573837343108347e-05,0.002275625736115912,0.06384697155995635,0.07282220611581189,0.95,percentile,rao_wu_rescaled_bootstrap,2000,2000,1.0,109
fasting subsample,metabolic comparison sample,model2_metabolic,Model 2 metabolic,xgboost,combined_fasting_weight,weighted_log_loss,0.2348002566942962,0.2345793934236151,-0.00022086327068107647,0.006787526399802095,0.2208682737280573,0.2475336280382721,0.95,percentile,rao_wu_rescaled_bootstrap,2000,2000,1.0,109
fasting subsample,metabolic comparison sample,model2_metabolic,Model 2 metabolic,xgboost,combined_fasting_weight,calibration_intercept,-0.004280898075390076,-0.00225908087692717,0.0020218171984629062,0.05323868712151127,-0.10649254803105768,0.10260966415438491,0.95,percentile,rao_wu_rescaled_bootstrap,2000,2000,1.0,109
fasting subsample,metabolic comparison sample,model2_metabolic,Model 2 metabolic,xgboost,combined_fasting_weight,calibration_slope,0.9963649391732691,1.0012061314210774,0.004841192247808324,0.02648249539038095,0.9515810173870872,1.0527815102474551,0.95,percentile,rao_wu_rescaled_bootstrap,2000,2000,1.0,109
fasting subsample,metabolic comparison sample,model2_metabolic,Model 2 metabolic,xgboost,combined_fasting_weight,observed_expected_ratio,1.006283780000573,1.005197786698934,-0.0010859933016391654,0.02821408989399935,0.9491425692394202,1.0579607767468693,0.95,percentile,rao_wu_rescaled_bootstrap,2000,2000,1.0,109
fasting subsample,metabolic comparison sample,model2_metabolic,Model 2 metabolic,xgboost,combined_fasting_weight,weighted_observed_prevalence,0.09178738509515354,0.09170394757066022,-8.343752449331554e-05,0.0033946338584956597,0.08497160387016178,0.0983700684646516,0.95,percentile,rao_wu_rescaled_bootstrap,2000,2000,1.0,109
fasting subsample,metabolic comparison sample,model2_metabolic,Model 2 metabolic,xgboost,combined_fasting_weight,weighted_mean_predicted_probability,0.09159081793058559,0.09153348601805894,-5.733191252664527e-05,0.001817255972860967,0.08797912059092386,0.09499914623913681,0.95,percentile,rao_wu_rescaled_bootstrap,2000,2000,1.0,109
fasting subsample,metabolic comparison sample,model2_metabolic,Model 2 metabolic,xgboost,combined_fasting_weight,calibration_in_the_large,0.0031289849981504603,-0.0005607165836755652,-0.0036897015818260254,0.030787328519670556,-0.06179939695128509,0.05601956121419052,0.95,percentile,rao_wu_rescaled_bootstrap,2000,2000,1.0,109
