cycle,comparison,algorithm,core_model,extended_model,n,events,weight_variable,metric,point_estimate,bootstrap_mean,bootstrap_bias,bootstrap_se,ci_lower,ci_upper,ci_level,ci_method,replicate_method,n_replicates_requested,n_replicates_valid,valid_replicate_fraction,design_df
2021-2023,renal,elastic_net,model0_core,model1_renal,7766,982,combined_mec_weight,delta_AUROC,0.00387057386394718,0.0037706167538896257,-9.995711005755413e-05,0.001928428422488714,1.595133957986487e-05,0.007507061652993906,0.95,percentile,rao_wu_rescaled_bootstrap,2000,2000,1.0,15
2021-2023,renal,elastic_net,model0_core,model1_renal,7766,982,combined_mec_weight,delta_PR_AUC,0.021962040737758592,0.020932264138110463,-0.0010297765996481294,0.005586596168741191,0.009767988202174536,0.031055351015114894,0.95,percentile,rao_wu_rescaled_bootstrap,2000,2000,1.0,15
2021-2023,renal,elastic_net,model0_core,model1_renal,7766,982,combined_mec_weight,delta_Brier_improvement,0.0009618274007310024,0.0009602626063074102,-1.5647944235921366e-06,0.00033833700845786827,0.00030075464222117216,0.0016025599577821953,0.95,percentile,rao_wu_rescaled_bootstrap,2000,2000,1.0,15
2021-2023,renal,elastic_net,model0_core,model1_renal,7766,982,combined_mec_weight,delta_log_loss_improvement,0.0027857655482079746,0.002779203908333963,-6.561639874011829e-06,0.0011166422310001048,0.0006248977444181591,0.004968372991208236,0.95,percentile,rao_wu_rescaled_bootstrap,2000,2000,1.0,15
2021-2023,renal,elastic_net,model0_core,model1_renal,7766,982,combined_mec_weight,core_calibration_intercept,-0.07775319161558682,-0.0742160051556855,0.003537186459901323,0.10501285693626437,-0.2709418008376595,0.13884540088981112,0.95,percentile,rao_wu_rescaled_bootstrap,2000,2000,1.0,15
2021-2023,renal,elastic_net,model0_core,model1_renal,7766,982,combined_mec_weight,extended_calibration_intercept,-0.06364756081683379,-0.06093397134004111,0.002713589476792677,0.10602525801282801,-0.2620066219932158,0.1513341282120917,0.95,percentile,rao_wu_rescaled_bootstrap,2000,2000,1.0,15
2021-2023,renal,elastic_net,model0_core,model1_renal,7766,982,combined_mec_weight,core_calibration_slope,0.9936936130133414,0.9978438705333676,0.00415025752002629,0.06068186476069163,0.8919684670963578,1.1230151735301026,0.95,percentile,rao_wu_rescaled_bootstrap,2000,2000,1.0,15
2021-2023,renal,elastic_net,model0_core,model1_renal,7766,982,combined_mec_weight,extended_calibration_slope,0.9966631158323143,1.0004135883993244,0.0037504725670101102,0.05951855861142117,0.8975862023549547,1.1220656512741531,0.95,percentile,rao_wu_rescaled_bootstrap,2000,2000,1.0,15
2021-2023,renal,elastic_net,model0_core,model1_renal,7766,982,combined_mec_weight,absolute_intercept_deviation_change,0.01410563079875303,0.006066210056776655,-0.008039420741976375,0.02000078685721065,-0.03373881315922953,0.043043026697422666,0.95,percentile,rao_wu_rescaled_bootstrap,2000,2000,1.0,15
2021-2023,renal,elastic_net,model0_core,model1_renal,7766,982,combined_mec_weight,absolute_slope_deviation_change,0.0029695028189729022,0.0007760237356646462,-0.002193479083308256,0.009289514464121308,-0.01707085907756861,0.018775988718915237,0.95,percentile,rao_wu_rescaled_bootstrap,2000,2000,1.0,15
2021-2023,metabolic,elastic_net,model0_paired_metabolic,model2_metabolic,3397,434,combined_fasting_weight,delta_AUROC,0.0009699893802358472,0.0008411493207734731,-0.00012884005946237412,0.0016330081915280406,-0.0023268215507096816,0.003894080763106199,0.95,percentile,rao_wu_rescaled_bootstrap,2000,2000,1.0,15
2021-2023,metabolic,elastic_net,model0_paired_metabolic,model2_metabolic,3397,434,combined_fasting_weight,delta_PR_AUC,0.0022848656841795156,0.002463995435796388,0.00017912975161687257,0.004980967005361031,-0.007343952531177407,0.012059735151104251,0.95,percentile,rao_wu_rescaled_bootstrap,2000,2000,1.0,15
2021-2023,metabolic,elastic_net,model0_paired_metabolic,model2_metabolic,3397,434,combined_fasting_weight,delta_Brier_improvement,2.675604403812315e-05,1.6939065895341838e-05,-9.816978142781312e-06,0.00021987771601817026,-0.00041679544472926884,0.0004330740285357067,0.95,percentile,rao_wu_rescaled_bootstrap,2000,2000,1.0,15
2021-2023,metabolic,elastic_net,model0_paired_metabolic,model2_metabolic,3397,434,combined_fasting_weight,delta_log_loss_improvement,0.0005138540135554148,0.0004666703683703429,-4.718364518507194e-05,0.0007707505126450159,-0.0010669783901541244,0.0018806096363381335,0.95,percentile,rao_wu_rescaled_bootstrap,2000,2000,1.0,15
2021-2023,metabolic,elastic_net,model0_paired_metabolic,model2_metabolic,3397,434,combined_fasting_weight,core_calibration_intercept,-0.2096166730688555,-0.20139362147212375,0.008223051596731756,0.12999506214568052,-0.4486851608051384,0.06497190892149883,0.95,percentile,rao_wu_rescaled_bootstrap,2000,2000,1.0,15
2021-2023,metabolic,elastic_net,model0_paired_metabolic,model2_metabolic,3397,434,combined_fasting_weight,extended_calibration_intercept,-0.19029761005623785,-0.18330708230876086,0.006990527747476993,0.12732150628450878,-0.4279287926149849,0.07344195857596068,0.95,percentile,rao_wu_rescaled_bootstrap,2000,2000,1.0,15
2021-2023,metabolic,elastic_net,model0_paired_metabolic,model2_metabolic,3397,434,combined_fasting_weight,core_calibration_slope,0.9580870019104686,0.9681520302747398,0.010065028364271256,0.08372101811318339,0.8284016243373449,1.154970104048612,0.95,percentile,rao_wu_rescaled_bootstrap,2000,2000,1.0,15
2021-2023,metabolic,elastic_net,model0_paired_metabolic,model2_metabolic,3397,434,combined_fasting_weight,extended_calibration_slope,0.9575987479581746,0.9664052054933769,0.008806457535202372,0.07878381018321402,0.8323129173610914,1.1385993119969402,0.95,percentile,rao_wu_rescaled_bootstrap,2000,2000,1.0,15
2021-2023,metabolic,elastic_net,model0_paired_metabolic,model2_metabolic,3397,434,combined_fasting_weight,absolute_intercept_deviation_change,0.019319063012617654,0.016451614047050006,-0.0028674489655676483,0.01319723960394211,-0.01565593652957154,0.03716976501260322,0.95,percentile,rao_wu_rescaled_bootstrap,2000,2000,1.0,15
2021-2023,metabolic,elastic_net,model0_paired_metabolic,model2_metabolic,3397,434,combined_fasting_weight,absolute_slope_deviation_change,-0.00048825395229401547,0.003125498700728926,0.0036137526530229413,0.007746204543609069,-0.011794633465505052,0.019263163643448655,0.95,percentile,rao_wu_rescaled_bootstrap,2000,2000,1.0,15
2021-2023,inflammatory,elastic_net,model0_core,model3_inflammatory,7766,982,combined_mec_weight,delta_AUROC,0.0015585430314084547,0.0015707679458385837,1.2224914430128972e-05,0.0006514502138278774,0.000300480163392167,0.0028303699845222295,0.95,percentile,rao_wu_rescaled_bootstrap,2000,2000,1.0,15
2021-2023,inflammatory,elastic_net,model0_core,model3_inflammatory,7766,982,combined_mec_weight,delta_PR_AUC,0.008216758352144915,0.007641945942505142,-0.0005748124096397727,0.005519512100393284,-0.0029134578414137476,0.018177104017862943,0.95,percentile,rao_wu_rescaled_bootstrap,2000,2000,1.0,15
2021-2023,inflammatory,elastic_net,model0_core,model3_inflammatory,7766,982,combined_mec_weight,delta_Brier_improvement,0.0003448042136739021,0.0003420087882349124,-2.795425438989745e-06,0.00024353497134725938,-0.00013307690550078374,0.0008235861065238017,0.95,percentile,rao_wu_rescaled_bootstrap,2000,2000,1.0,15
2021-2023,inflammatory,elastic_net,model0_core,model3_inflammatory,7766,982,combined_mec_weight,delta_log_loss_improvement,0.0011149416641067222,0.001110248658408029,-4.693005698693312e-06,0.000519578080803484,9.13753857963872e-05,0.0021206813187568205,0.95,percentile,rao_wu_rescaled_bootstrap,2000,2000,1.0,15
2021-2023,inflammatory,elastic_net,model0_core,model3_inflammatory,7766,982,combined_mec_weight,core_calibration_intercept,-0.07775319161558682,-0.0742160051556855,0.003537186459901323,0.10501285693626437,-0.2709418008376595,0.13884540088981112,0.95,percentile,rao_wu_rescaled_bootstrap,2000,2000,1.0,15
2021-2023,inflammatory,elastic_net,model0_core,model3_inflammatory,7766,982,combined_mec_weight,extended_calibration_intercept,-0.06453730096298063,-0.06067453023171446,0.003862770731266174,0.10935568651322582,-0.26422144008563103,0.1620543925081113,0.95,percentile,rao_wu_rescaled_bootstrap,2000,2000,1.0,15
2021-2023,inflammatory,elastic_net,model0_core,model3_inflammatory,7766,982,combined_mec_weight,core_calibration_slope,0.9936936130133414,0.9978438705333676,0.00415025752002629,0.06068186476069163,0.8919684670963578,1.1230151735301026,0.95,percentile,rao_wu_rescaled_bootstrap,2000,2000,1.0,15
2021-2023,inflammatory,elastic_net,model0_core,model3_inflammatory,7766,982,combined_mec_weight,extended_calibration_slope,1.0001910886804646,1.0044876394002844,0.004296550719819825,0.0628434141769439,0.8957055477449581,1.1328423696204863,0.95,percentile,rao_wu_rescaled_bootstrap,2000,2000,1.0,15
2021-2023,inflammatory,elastic_net,model0_core,model3_inflammatory,7766,982,combined_mec_weight,absolute_intercept_deviation_change,0.013215890652606185,0.003257067846935277,-0.009958822805670908,0.015253329391935938,-0.02886696963135699,0.024657436755677282,0.95,percentile,rao_wu_rescaled_bootstrap,2000,2000,1.0,15
2021-2023,inflammatory,elastic_net,model0_core,model3_inflammatory,7766,982,combined_mec_weight,absolute_slope_deviation_change,0.006115298306194061,-0.001493968117730211,-0.007609266423924272,0.00780663185800249,-0.01592619242137202,0.011005514206371355,0.95,percentile,rao_wu_rescaled_bootstrap,2000,2000,1.0,15
2021-2023,combined,elastic_net,model0_paired_combined,model4_combined,3397,434,combined_fasting_weight,delta_AUROC,0.007415544972736887,0.007251022646247697,-0.00016452232648919013,0.0027706441710807386,0.0015549899887956197,0.012391122634283682,0.95,percentile,rao_wu_rescaled_bootstrap,2000,2000,1.0,15
2021-2023,combined,elastic_net,model0_paired_combined,model4_combined,3397,434,combined_fasting_weight,delta_PR_AUC,0.024991676893031167,0.022475620945054738,-0.0025160559479764297,0.009501194318304134,0.0040482929318414376,0.04178967129384459,0.95,percentile,rao_wu_rescaled_bootstrap,2000,2000,1.0,15
2021-2023,combined,elastic_net,model0_paired_combined,model4_combined,3397,434,combined_fasting_weight,delta_Brier_improvement,0.001369745127676042,0.0013447413539882727,-2.5003773687769237e-05,0.000629968710956493,0.00011545761424914169,0.0025316469337611485,0.95,percentile,rao_wu_rescaled_bootstrap,2000,2000,1.0,15
2021-2023,combined,elastic_net,model0_paired_combined,model4_combined,3397,434,combined_fasting_weight,delta_log_loss_improvement,0.005004955871767192,0.004926289024503057,-7.866684726413452e-05,0.0017447206554816609,0.001444624887700167,0.008155215303495129,0.95,percentile,rao_wu_rescaled_bootstrap,2000,2000,1.0,15
2021-2023,combined,elastic_net,model0_paired_combined,model4_combined,3397,434,combined_fasting_weight,core_calibration_intercept,-0.2096166730688555,-0.20139362147212375,0.008223051596731756,0.12999506214568052,-0.4486851608051384,0.06497190892149883,0.95,percentile,rao_wu_rescaled_bootstrap,2000,2000,1.0,15
2021-2023,combined,elastic_net,model0_paired_combined,model4_combined,3397,434,combined_fasting_weight,extended_calibration_intercept,-0.1623083555330749,-0.15807360798942022,0.004234747543654688,0.12578542240421856,-0.39924667405873826,0.0883726508684742,0.95,percentile,rao_wu_rescaled_bootstrap,2000,2000,1.0,15
2021-2023,combined,elastic_net,model0_paired_combined,model4_combined,3397,434,combined_fasting_weight,core_calibration_slope,0.9580870019104686,0.9681520302747398,0.010065028364271256,0.08372101811318339,0.8284016243373449,1.154970104048612,0.95,percentile,rao_wu_rescaled_bootstrap,2000,2000,1.0,15
2021-2023,combined,elastic_net,model0_paired_combined,model4_combined,3397,434,combined_fasting_weight,extended_calibration_slope,0.962897283556809,0.9701477723046857,0.007250488747876704,0.07448591072442928,0.840911716553944,1.127065657374866,0.95,percentile,rao_wu_rescaled_bootstrap,2000,2000,1.0,15
2021-2023,combined,elastic_net,model0_paired_combined,model4_combined,3397,434,combined_fasting_weight,absolute_intercept_deviation_change,0.0473083175357806,0.038358622835653375,-0.008949694700127228,0.04125479509593012,-0.05288557534740991,0.11303422596292277,0.95,percentile,rao_wu_rescaled_bootstrap,2000,2000,1.0,15
2021-2023,combined,elastic_net,model0_paired_combined,model4_combined,3397,434,combined_fasting_weight,absolute_slope_deviation_change,0.004810281646340453,0.00802310280976186,0.0032128211634214077,0.017319762082328025,-0.024737345971465576,0.04287380945410398,0.95,percentile,rao_wu_rescaled_bootstrap,2000,2000,1.0,15
2021-2023,renal,xgboost,model0_core,model1_renal,7766,982,combined_mec_weight,delta_AUROC,0.0018044088700418515,0.001858912526417167,5.4503656375315445e-05,0.002158919383153215,-0.0020854008139736166,0.006128017793439096,0.95,percentile,rao_wu_rescaled_bootstrap,2000,2000,1.0,15
2021-2023,renal,xgboost,model0_core,model1_renal,7766,982,combined_mec_weight,delta_PR_AUC,0.006473203105628489,0.005874303217837124,-0.0005988998877913647,0.006880784992235427,-0.007836791905160987,0.018908879245513602,0.95,percentile,rao_wu_rescaled_bootstrap,2000,2000,1.0,15
2021-2023,renal,xgboost,model0_core,model1_renal,7766,982,combined_mec_weight,delta_Brier_improvement,0.00040555319445502447,0.0004168432436880677,1.1290049233043215e-05,0.0004011054246717852,-0.00036220739910656217,0.0011977908199065346,0.95,percentile,rao_wu_rescaled_bootstrap,2000,2000,1.0,15
2021-2023,renal,xgboost,model0_core,model1_renal,7766,982,combined_mec_weight,delta_log_loss_improvement,0.001115020865692068,0.0011570493820798574,4.202851638778946e-05,0.0012681244539610873,-0.0012541042378096609,0.0036629835898472993,0.95,percentile,rao_wu_rescaled_bootstrap,2000,2000,1.0,15
2021-2023,renal,xgboost,model0_core,model1_renal,7766,982,combined_mec_weight,core_calibration_intercept,-0.12383156614525577,-0.12100014822729883,0.0028314179179569354,0.10342340459769019,-0.31665972491380767,0.0816997105465106,0.95,percentile,rao_wu_rescaled_bootstrap,2000,2000,1.0,15
2021-2023,renal,xgboost,model0_core,model1_renal,7766,982,combined_mec_weight,extended_calibration_intercept,-0.10035228644887832,-0.09686843047966638,0.003483855969211941,0.11044442895664494,-0.30481674717683876,0.12188919397747186,0.95,percentile,rao_wu_rescaled_bootstrap,2000,2000,1.0,15
2021-2023,renal,xgboost,model0_core,model1_renal,7766,982,combined_mec_weight,core_calibration_slope,0.9838804149290225,0.9879373083708388,0.004056893441816367,0.06162451963329422,0.8795374936553142,1.1115196648579184,0.95,percentile,rao_wu_rescaled_bootstrap,2000,2000,1.0,15
2021-2023,renal,xgboost,model0_core,model1_renal,7766,982,combined_mec_weight,extended_calibration_slope,0.9956056462429321,1.0001358229901707,0.004530176747238546,0.06521012216056905,0.8887781368238725,1.1291691499945353,0.95,percentile,rao_wu_rescaled_bootstrap,2000,2000,1.0,15
2021-2023,renal,xgboost,model0_core,model1_renal,7766,982,combined_mec_weight,absolute_intercept_deviation_change,0.023479279696377447,0.012490473956013538,-0.01098880574036391,0.03191453713756437,-0.056168431586345394,0.07199871294955285,0.95,percentile,rao_wu_rescaled_bootstrap,2000,2000,1.0,15
2021-2023,renal,xgboost,model0_core,model1_renal,7766,982,combined_mec_weight,absolute_slope_deviation_change,0.011725231313909679,-0.002445329748150156,-0.014170561062059835,0.016553756334855802,-0.03558384874960386,0.027005110718356536,0.95,percentile,rao_wu_rescaled_bootstrap,2000,2000,1.0,15
2021-2023,metabolic,xgboost,model0_paired_metabolic,model2_metabolic,3397,434,combined_fasting_weight,delta_AUROC,-0.0010484590846899788,-0.0010226330284291607,2.5826056260818114e-05,0.0018323185375508622,-0.004567311629339851,0.002398625291094656,0.95,percentile,rao_wu_rescaled_bootstrap,2000,2000,1.0,15
2021-2023,metabolic,xgboost,model0_paired_metabolic,model2_metabolic,3397,434,combined_fasting_weight,delta_PR_AUC,-0.006795410492409781,-0.006387453651575035,0.00040795684083474656,0.011376429850435582,-0.02567909990510008,0.012522593982413293,0.95,percentile,rao_wu_rescaled_bootstrap,2000,2000,1.0,15
2021-2023,metabolic,xgboost,model0_paired_metabolic,model2_metabolic,3397,434,combined_fasting_weight,delta_Brier_improvement,-0.0004704860707426678,-0.0004778886841415128,-7.402613398845004e-06,0.00040059570801327947,-0.0012377333168175917,0.00024142498271025178,0.95,percentile,rao_wu_rescaled_bootstrap,2000,2000,1.0,15
2021-2023,metabolic,xgboost,model0_paired_metabolic,model2_metabolic,3397,434,combined_fasting_weight,delta_log_loss_improvement,-0.0010898184611148887,-0.0011100666323196249,-2.0248171204736206e-05,0.0007592206494760704,-0.0026199458946497994,0.00032685858564159963,0.95,percentile,rao_wu_rescaled_bootstrap,2000,2000,1.0,15
2021-2023,metabolic,xgboost,model0_paired_metabolic,model2_metabolic,3397,434,combined_fasting_weight,core_calibration_intercept,-0.15250542010749696,-0.14603411213968567,0.006471307967811285,0.11882274339160781,-0.3743190864388739,0.09458757811014641,0.95,percentile,rao_wu_rescaled_bootstrap,2000,2000,1.0,15
2021-2023,metabolic,xgboost,model0_paired_metabolic,model2_metabolic,3397,434,combined_fasting_weight,extended_calibration_intercept,-0.15156934695899751,-0.1460344620848795,0.005534884874118018,0.11848159566503005,-0.38218493971414014,0.08711090998185635,0.95,percentile,rao_wu_rescaled_bootstrap,2000,2000,1.0,15
2021-2023,metabolic,xgboost,model0_paired_metabolic,model2_metabolic,3397,434,combined_fasting_weight,core_calibration_slope,1.015177186212524,1.0243181275208955,0.009140941308371398,0.08470115740936002,0.886945250161282,1.2069644865925617,0.95,percentile,rao_wu_rescaled_bootstrap,2000,2000,1.0,15
2021-2023,metabolic,xgboost,model0_paired_metabolic,model2_metabolic,3397,434,combined_fasting_weight,extended_calibration_slope,1.006604732030674,1.0155188117304876,0.008914079699813726,0.08512608339925339,0.8772861448922363,1.1990708903294272,0.95,percentile,rao_wu_rescaled_bootstrap,2000,2000,1.0,15
2021-2023,metabolic,xgboost,model0_paired_metabolic,model2_metabolic,3397,434,combined_fasting_weight,absolute_intercept_deviation_change,0.0009360731484994445,0.0006508827963896865,-0.00028519035210975796,0.019834326639503744,-0.03862910794868829,0.03719087385767528,0.95,percentile,rao_wu_rescaled_bootstrap,2000,2000,1.0,15
2021-2023,metabolic,xgboost,model0_paired_metabolic,model2_metabolic,3397,434,combined_fasting_weight,absolute_slope_deviation_change,0.008572454181850153,0.0005318897437804986,-0.008040564438069655,0.012015274298702323,-0.02111290723208022,0.024651097273941342,0.95,percentile,rao_wu_rescaled_bootstrap,2000,2000,1.0,15
2021-2023,inflammatory,xgboost,model0_core,model3_inflammatory,7766,982,combined_mec_weight,delta_AUROC,0.0013686554323556477,0.001465238057233513,9.658262487786539e-05,0.001588220599055325,-0.0015466907034932932,0.004696062959716351,0.95,percentile,rao_wu_rescaled_bootstrap,2000,2000,1.0,15
2021-2023,inflammatory,xgboost,model0_core,model3_inflammatory,7766,982,combined_mec_weight,delta_PR_AUC,0.005661136765408137,0.005800708482153009,0.00013957171674487245,0.006859345184107602,-0.00658946140251034,0.020202190587388036,0.95,percentile,rao_wu_rescaled_bootstrap,2000,2000,1.0,15
2021-2023,inflammatory,xgboost,model0_core,model3_inflammatory,7766,982,combined_mec_weight,delta_Brier_improvement,0.00039719532458673545,0.0004061277328044293,8.932408217693821e-06,0.0003284525137936687,-0.00019257933253841555,0.0010630714400107807,0.95,percentile,rao_wu_rescaled_bootstrap,2000,2000,1.0,15
2021-2023,inflammatory,xgboost,model0_core,model3_inflammatory,7766,982,combined_mec_weight,delta_log_loss_improvement,0.0010577306522359387,0.001093419166402711,3.568851416677239e-05,0.0009791103079292288,-0.000763760381159608,0.0030836671374338065,0.95,percentile,rao_wu_rescaled_bootstrap,2000,2000,1.0,15
2021-2023,inflammatory,xgboost,model0_core,model3_inflammatory,7766,982,combined_mec_weight,core_calibration_intercept,-0.12383156614525577,-0.12100014822729883,0.0028314179179569354,0.10342340459769019,-0.31665972491380767,0.0816997105465106,0.95,percentile,rao_wu_rescaled_bootstrap,2000,2000,1.0,15
2021-2023,inflammatory,xgboost,model0_core,model3_inflammatory,7766,982,combined_mec_weight,extended_calibration_intercept,-0.06800620882624535,-0.06423808777250574,0.0037681210537396093,0.10986124314527863,-0.27371229711050526,0.15578478289768566,0.95,percentile,rao_wu_rescaled_bootstrap,2000,2000,1.0,15
2021-2023,inflammatory,xgboost,model0_core,model3_inflammatory,7766,982,combined_mec_weight,core_calibration_slope,0.9838804149290225,0.9879373083708388,0.004056893441816367,0.06162451963329422,0.8795374936553142,1.1115196648579184,0.95,percentile,rao_wu_rescaled_bootstrap,2000,2000,1.0,15
2021-2023,inflammatory,xgboost,model0_core,model3_inflammatory,7766,982,combined_mec_weight,extended_calibration_slope,1.019898160208602,1.024486471204081,0.004588310995479183,0.06565586768650981,0.9118145973508582,1.1571338525048145,0.95,percentile,rao_wu_rescaled_bootstrap,2000,2000,1.0,15
2021-2023,inflammatory,xgboost,model0_core,model3_inflammatory,7766,982,combined_mec_weight,absolute_intercept_deviation_change,0.05582535731901042,0.03005208291168259,-0.02577327440732783,0.04644457154019121,-0.08381319235246532,0.08504795826386212,0.95,percentile,rao_wu_rescaled_bootstrap,2000,2000,1.0,15
2021-2023,inflammatory,xgboost,model0_core,model3_inflammatory,7766,982,combined_mec_weight,absolute_slope_deviation_change,-0.0037785751376243626,-0.00446433614785235,-0.0006857610102279877,0.03491614957137352,-0.05682247121226132,0.04375188657048787,0.95,percentile,rao_wu_rescaled_bootstrap,2000,2000,1.0,15
2021-2023,combined,xgboost,model0_paired_combined,model4_combined,3397,434,combined_fasting_weight,delta_AUROC,0.0035018936985969917,0.0035638781481763847,6.198444957939298e-05,0.003548785999939919,-0.0032481421416746038,0.010449120921886306,0.95,percentile,rao_wu_rescaled_bootstrap,2000,2000,1.0,15
2021-2023,combined,xgboost,model0_paired_combined,model4_combined,3397,434,combined_fasting_weight,delta_PR_AUC,0.010523556873797524,0.010509963482545815,-1.3593391251709094e-05,0.012120152524100938,-0.0119809367381902,0.03516405525769169,0.95,percentile,rao_wu_rescaled_bootstrap,2000,2000,1.0,15
2021-2023,combined,xgboost,model0_paired_combined,model4_combined,3397,434,combined_fasting_weight,delta_Brier_improvement,0.0006408066598791867,0.0006335529232940367,-7.253736585150004e-06,0.0007256045106625089,-0.0007901571270404136,0.0020164827816136536,0.95,percentile,rao_wu_rescaled_bootstrap,2000,2000,1.0,15
2021-2023,combined,xgboost,model0_paired_combined,model4_combined,3397,434,combined_fasting_weight,delta_log_loss_improvement,0.0024413268432263158,0.0024456529105837577,4.326067357441916e-06,0.0020459236914840886,-0.0015358555469284253,0.006364500918087322,0.95,percentile,rao_wu_rescaled_bootstrap,2000,2000,1.0,15
2021-2023,combined,xgboost,model0_paired_combined,model4_combined,3397,434,combined_fasting_weight,core_calibration_intercept,-0.15250542010749696,-0.14603411213968567,0.006471307967811285,0.11882274339160781,-0.3743190864388739,0.09458757811014641,0.95,percentile,rao_wu_rescaled_bootstrap,2000,2000,1.0,15
2021-2023,combined,xgboost,model0_paired_combined,model4_combined,3397,434,combined_fasting_weight,extended_calibration_intercept,-0.17915306557516356,-0.1740237904481005,0.005129275127063043,0.12630958672985917,-0.4213244253917353,0.0826146005555433,0.95,percentile,rao_wu_rescaled_bootstrap,2000,2000,1.0,15
2021-2023,combined,xgboost,model0_paired_combined,model4_combined,3397,434,combined_fasting_weight,core_calibration_slope,1.015177186212524,1.0243181275208955,0.009140941308371398,0.08470115740936002,0.886945250161282,1.2069644865925617,0.95,percentile,rao_wu_rescaled_bootstrap,2000,2000,1.0,15
2021-2023,combined,xgboost,model0_paired_combined,model4_combined,3397,434,combined_fasting_weight,extended_calibration_slope,0.9658168936294809,0.973704754489995,0.007887860860514184,0.08057327103112649,0.8461576323089373,1.1374177171972173,0.95,percentile,rao_wu_rescaled_bootstrap,2000,2000,1.0,15
2021-2023,combined,xgboost,model0_paired_combined,model4_combined,3397,434,combined_fasting_weight,absolute_intercept_deviation_change,-0.026647645467666597,-0.024167127236408105,0.0024805182312584925,0.0403277799992582,-0.1074137384217275,0.05214378515226532,0.95,percentile,rao_wu_rescaled_bootstrap,2000,2000,1.0,15
2021-2023,combined,xgboost,model0_paired_combined,model4_combined,3397,434,combined_fasting_weight,absolute_slope_deviation_change,-0.01900592015799507,-0.0019747682845640694,0.017031151873431002,0.04898730877419213,-0.0736743544432713,0.08499939549168435,0.95,percentile,rao_wu_rescaled_bootstrap,2000,2000,1.0,15
