cycle,algorithm,model,model_label,target_population,comparison_sample,n,events,weight_variable,metric,point_estimate,bootstrap_mean,bootstrap_bias,bootstrap_se,ci_lower,ci_upper,ci_level,ci_method,replicate_method,n_replicates_requested,n_replicates_valid,valid_replicate_fraction,design_df
2021-2023,elastic_net,model0_core,Model 0 core clinical,MEC examination sample,core MEC target sample,7766,982,combined_mec_weight,survey_weighted_AUROC,0.8537297794306917,0.853786480988797,5.670155810522104e-05,0.011582811361473377,0.8316574246563267,0.8765755795264064,0.95,percentile,rao_wu_rescaled_bootstrap,2000,2000,1.0,15
2021-2023,elastic_net,model0_core,Model 0 core clinical,MEC examination sample,core MEC target sample,7766,982,combined_mec_weight,survey_weighted_PR_AUC,0.3940339076059577,0.39611042694250165,0.0020765193365439583,0.018901592351564786,0.3586054369875913,0.43253249402014626,0.95,percentile,rao_wu_rescaled_bootstrap,2000,2000,1.0,15
2021-2023,elastic_net,model0_core,Model 0 core clinical,MEC examination sample,core MEC target sample,7766,982,combined_mec_weight,weighted_Brier,0.07057146671235089,0.07063714093897457,6.567422662367983e-05,0.003147970220935939,0.0648307687967598,0.07673325534500743,0.95,percentile,rao_wu_rescaled_bootstrap,2000,2000,1.0,15
2021-2023,elastic_net,model0_core,Model 0 core clinical,MEC examination sample,core MEC target sample,7766,982,combined_mec_weight,weighted_log_loss,0.23852966634642617,0.23864294587540194,0.00011327952897577376,0.009337063397366152,0.22120865171787557,0.25714393032397864,0.95,percentile,rao_wu_rescaled_bootstrap,2000,2000,1.0,15
2021-2023,elastic_net,model0_core,Model 0 core clinical,MEC examination sample,core MEC target sample,7766,982,combined_mec_weight,calibration_intercept,-0.07775319161558682,-0.0742160051556855,0.003537186459901323,0.10501285693626437,-0.2709418008376595,0.13884540088981112,0.95,percentile,rao_wu_rescaled_bootstrap,2000,2000,1.0,15
2021-2023,elastic_net,model0_core,Model 0 core clinical,MEC examination sample,core MEC target sample,7766,982,combined_mec_weight,calibration_slope,0.9936936130133414,0.9978438705333676,0.00415025752002629,0.06068186476069163,0.8919684670963578,1.1230151735301026,0.95,percentile,rao_wu_rescaled_bootstrap,2000,2000,1.0,15
2021-2023,elastic_net,model0_core,Model 0 core clinical,MEC examination sample,core MEC target sample,7766,982,combined_mec_weight,observed_expected_ratio,0.9520669082334876,0.952158919952183,9.201171869543945e-05,0.034629194845354525,0.8852012140446225,1.0177221216352839,0.95,percentile,rao_wu_rescaled_bootstrap,2000,2000,1.0,15
2021-2023,elastic_net,model0_core,Model 0 core clinical,MEC examination sample,core MEC target sample,7766,982,combined_mec_weight,weighted_observed_prevalence,0.09695569595871846,0.09709409020457789,0.00013839424585943005,0.005140719429047566,0.08765668520971824,0.10751696105635261,0.95,percentile,rao_wu_rescaled_bootstrap,2000,2000,1.0,15
2021-2023,elastic_net,model0_core,Model 0 core clinical,MEC examination sample,core MEC target sample,7766,982,combined_mec_weight,weighted_mean_predicted_probability,0.10183706115635811,0.10196258845668413,0.00012552730032601433,0.0036508459953796344,0.0952897320400318,0.10943840029635428,0.95,percentile,rao_wu_rescaled_bootstrap,2000,2000,1.0,15
2021-2023,elastic_net,model0_core,Model 0 core clinical,MEC examination sample,core MEC target sample,7766,982,combined_mec_weight,calibration_in_the_large,-0.054540082068057494,-0.05508466006196714,-0.0005445779939096465,0.04032844504212831,-0.13459457362568203,0.0195924668038406,0.95,percentile,rao_wu_rescaled_bootstrap,2000,2000,1.0,15
2021-2023,elastic_net,model1_renal,Model 1 renal,MEC examination sample,renal comparison sample,7766,982,combined_mec_weight,survey_weighted_AUROC,0.8576003532946389,0.8575570977426864,-4.3255551952503524e-05,0.011629098308195158,0.835400545501766,0.8801689410162737,0.95,percentile,rao_wu_rescaled_bootstrap,2000,2000,1.0,15
2021-2023,elastic_net,model1_renal,Model 1 renal,MEC examination sample,renal comparison sample,7766,982,combined_mec_weight,survey_weighted_PR_AUC,0.4159959483437163,0.41704269108061204,0.001046742736895756,0.02005607602303593,0.37815327882336797,0.4556823893347186,0.95,percentile,rao_wu_rescaled_bootstrap,2000,2000,1.0,15
2021-2023,elastic_net,model1_renal,Model 1 renal,MEC examination sample,renal comparison sample,7766,982,combined_mec_weight,weighted_Brier,0.06960963931161988,0.06967687833266714,6.723902104725787e-05,0.003016289632821462,0.06409995925658064,0.07558178721310657,0.95,percentile,rao_wu_rescaled_bootstrap,2000,2000,1.0,15
2021-2023,elastic_net,model1_renal,Model 1 renal,MEC examination sample,renal comparison sample,7766,982,combined_mec_weight,weighted_log_loss,0.2357439007982182,0.235863741967068,0.00011984116884980467,0.008834305741052107,0.21942239926134177,0.2531252219121896,0.95,percentile,rao_wu_rescaled_bootstrap,2000,2000,1.0,15
2021-2023,elastic_net,model1_renal,Model 1 renal,MEC examination sample,renal comparison sample,7766,982,combined_mec_weight,calibration_intercept,-0.06364756081683379,-0.06093397134004111,0.002713589476792677,0.10602525801282801,-0.2620066219932158,0.1513341282120917,0.95,percentile,rao_wu_rescaled_bootstrap,2000,2000,1.0,15
2021-2023,elastic_net,model1_renal,Model 1 renal,MEC examination sample,renal comparison sample,7766,982,combined_mec_weight,calibration_slope,0.9966631158323143,1.0004135883993244,0.0037504725670101102,0.05951855861142117,0.8975862023549547,1.1220656512741531,0.95,percentile,rao_wu_rescaled_bootstrap,2000,2000,1.0,15
2021-2023,elastic_net,model1_renal,Model 1 renal,MEC examination sample,renal comparison sample,7766,982,combined_mec_weight,observed_expected_ratio,0.9593382989836338,0.9592570250958304,-8.127388780332367e-05,0.0340098645811639,0.8935207896561532,1.0239149051117806,0.95,percentile,rao_wu_rescaled_bootstrap,2000,2000,1.0,15
2021-2023,elastic_net,model1_renal,Model 1 renal,MEC examination sample,renal comparison sample,7766,982,combined_mec_weight,weighted_observed_prevalence,0.09695569595871846,0.09709409020457789,0.00013839424585943005,0.005140719429047566,0.08765668520971824,0.10751696105635261,0.95,percentile,rao_wu_rescaled_bootstrap,2000,2000,1.0,15
2021-2023,elastic_net,model1_renal,Model 1 renal,MEC examination sample,renal comparison sample,7766,982,combined_mec_weight,weighted_mean_predicted_probability,0.10106517801013229,0.10121239938434473,0.00014722137421244175,0.0038317728344497474,0.09421815660055571,0.10915193423237003,0.95,percentile,rao_wu_rescaled_bootstrap,2000,2000,1.0,15
2021-2023,elastic_net,model1_renal,Model 1 renal,MEC examination sample,renal comparison sample,7766,982,combined_mec_weight,calibration_in_the_large,-0.04607258817557103,-0.04679057210185247,-0.0007179839262814458,0.03932626130396994,-0.12440359369135955,0.0263497598842281,0.95,percentile,rao_wu_rescaled_bootstrap,2000,2000,1.0,15
2021-2023,elastic_net,model2_metabolic,Model 2 metabolic,fasting subsample,metabolic comparison sample,3397,434,combined_fasting_weight,survey_weighted_AUROC,0.8454983340127135,0.8460570530769417,0.0005587190642282192,0.015164232424729437,0.8170921987981755,0.87545484153662,0.95,percentile,rao_wu_rescaled_bootstrap,2000,2000,1.0,15
2021-2023,elastic_net,model2_metabolic,Model 2 metabolic,fasting subsample,metabolic comparison sample,3397,434,combined_fasting_weight,survey_weighted_PR_AUC,0.3954224873340644,0.40038314113435897,0.00496065380029459,0.02637416192988627,0.35139874898082313,0.45090314105835594,0.95,percentile,rao_wu_rescaled_bootstrap,2000,2000,1.0,15
2021-2023,elastic_net,model2_metabolic,Model 2 metabolic,fasting subsample,metabolic comparison sample,3397,434,combined_fasting_weight,weighted_Brier,0.06889398449799101,0.0688803441976438,-1.364030034721464e-05,0.0034499537228503004,0.06225497081906199,0.07540083907856017,0.95,percentile,rao_wu_rescaled_bootstrap,2000,2000,1.0,15
2021-2023,elastic_net,model2_metabolic,Model 2 metabolic,fasting subsample,metabolic comparison sample,3397,434,combined_fasting_weight,weighted_log_loss,0.23649923281583518,0.2363835051455005,-0.00011572767033468656,0.01083021676077426,0.21601090340232956,0.2567414253655571,0.95,percentile,rao_wu_rescaled_bootstrap,2000,2000,1.0,15
2021-2023,elastic_net,model2_metabolic,Model 2 metabolic,fasting subsample,metabolic comparison sample,3397,434,combined_fasting_weight,calibration_intercept,-0.19029761005623785,-0.18330708230876086,0.006990527747476993,0.12732150628450878,-0.4279287926149849,0.07344195857596068,0.95,percentile,rao_wu_rescaled_bootstrap,2000,2000,1.0,15
2021-2023,elastic_net,model2_metabolic,Model 2 metabolic,fasting subsample,metabolic comparison sample,3397,434,combined_fasting_weight,calibration_slope,0.9575987479581746,0.9664052054933769,0.008806457535202372,0.07878381018321402,0.8323129173610914,1.1385993119969402,0.95,percentile,rao_wu_rescaled_bootstrap,2000,2000,1.0,15
2021-2023,elastic_net,model2_metabolic,Model 2 metabolic,fasting subsample,metabolic comparison sample,3397,434,combined_fasting_weight,observed_expected_ratio,0.9119209906726681,0.911985097683863,6.410701119496931e-05,0.05587927447192577,0.808851773578602,1.017808790033319,0.95,percentile,rao_wu_rescaled_bootstrap,2000,2000,1.0,15
2021-2023,elastic_net,model2_metabolic,Model 2 metabolic,fasting subsample,metabolic comparison sample,3397,434,combined_fasting_weight,weighted_observed_prevalence,0.09335715157717278,0.0933864867014018,2.9335124229021292e-05,0.005384949699689709,0.08288153997076297,0.10367061276262644,0.95,percentile,rao_wu_rescaled_bootstrap,2000,2000,1.0,15
2021-2023,elastic_net,model2_metabolic,Model 2 metabolic,fasting subsample,metabolic comparison sample,3397,434,combined_fasting_weight,weighted_mean_predicted_probability,0.10237416676669428,0.10248615573962343,0.00011198897292914733,0.0036456687292502382,0.09577500880800073,0.10985320079297925,0.95,percentile,rao_wu_rescaled_bootstrap,2000,2000,1.0,15
2021-2023,elastic_net,model2_metabolic,Model 2 metabolic,fasting subsample,metabolic comparison sample,3397,434,combined_fasting_weight,calibration_in_the_large,-0.10219721115558311,-0.10409876830106436,-0.0019015571454812502,0.06807820216809236,-0.2343566855441103,0.019580193804572342,0.95,percentile,rao_wu_rescaled_bootstrap,2000,2000,1.0,15
2021-2023,elastic_net,model3_inflammatory,Model 3 inflammatory,MEC examination sample,inflammatory comparison sample,7766,982,combined_mec_weight,survey_weighted_AUROC,0.8552883224621002,0.8553572489346354,6.892647253520234e-05,0.011856450965231559,0.8329711819997104,0.8790102913869864,0.95,percentile,rao_wu_rescaled_bootstrap,2000,2000,1.0,15
2021-2023,elastic_net,model3_inflammatory,Model 3 inflammatory,MEC examination sample,inflammatory comparison sample,7766,982,combined_mec_weight,survey_weighted_PR_AUC,0.4022506659581026,0.40375237288500676,0.001501706926904156,0.01990042528433935,0.3646432625981898,0.4423300242620094,0.95,percentile,rao_wu_rescaled_bootstrap,2000,2000,1.0,15
2021-2023,elastic_net,model3_inflammatory,Model 3 inflammatory,MEC examination sample,inflammatory comparison sample,7766,982,combined_mec_weight,weighted_Brier,0.07022666249867698,0.07029513215073965,6.84696520626693e-05,0.003127263584750829,0.0645190585466838,0.07640978736133623,0.95,percentile,rao_wu_rescaled_bootstrap,2000,2000,1.0,15
2021-2023,elastic_net,model3_inflammatory,Model 3 inflammatory,MEC examination sample,inflammatory comparison sample,7766,982,combined_mec_weight,weighted_log_loss,0.23741472468231944,0.23753269721699394,0.00011797253467449309,0.009390585160498389,0.2196978912246622,0.2559910861138316,0.95,percentile,rao_wu_rescaled_bootstrap,2000,2000,1.0,15
2021-2023,elastic_net,model3_inflammatory,Model 3 inflammatory,MEC examination sample,inflammatory comparison sample,7766,982,combined_mec_weight,calibration_intercept,-0.06453730096298063,-0.06067453023171446,0.003862770731266174,0.10935568651322582,-0.26422144008563103,0.1620543925081113,0.95,percentile,rao_wu_rescaled_bootstrap,2000,2000,1.0,15
2021-2023,elastic_net,model3_inflammatory,Model 3 inflammatory,MEC examination sample,inflammatory comparison sample,7766,982,combined_mec_weight,calibration_slope,1.0001910886804646,1.0044876394002844,0.004296550719819825,0.0628434141769439,0.8957055477449581,1.1328423696204863,0.95,percentile,rao_wu_rescaled_bootstrap,2000,2000,1.0,15
2021-2023,elastic_net,model3_inflammatory,Model 3 inflammatory,MEC examination sample,inflammatory comparison sample,7766,982,combined_mec_weight,observed_expected_ratio,0.9546554626192594,0.9548076628415354,0.00015220022227602215,0.034220783749185725,0.8888357521189861,1.018727324369594,0.95,percentile,rao_wu_rescaled_bootstrap,2000,2000,1.0,15
2021-2023,elastic_net,model3_inflammatory,Model 3 inflammatory,MEC examination sample,inflammatory comparison sample,7766,982,combined_mec_weight,weighted_observed_prevalence,0.09695569595871846,0.09709409020457789,0.00013839424585943005,0.005140719429047566,0.08765668520971824,0.10751696105635261,0.95,percentile,rao_wu_rescaled_bootstrap,2000,2000,1.0,15
2021-2023,elastic_net,model3_inflammatory,Model 3 inflammatory,MEC examination sample,inflammatory comparison sample,7766,982,combined_mec_weight,weighted_mean_predicted_probability,0.10156092931443983,0.10167545238271478,0.00011452306827494652,0.003574596395251123,0.0952244919912094,0.10894423468935166,0.95,percentile,rao_wu_rescaled_bootstrap,2000,2000,1.0,15
2021-2023,elastic_net,model3_inflammatory,Model 3 inflammatory,MEC examination sample,inflammatory comparison sample,7766,982,combined_mec_weight,calibration_in_the_large,-0.051517499438263226,-0.051967434296945544,-0.00044993485868231875,0.03973255770430699,-0.13034027753618666,0.020565867009256344,0.95,percentile,rao_wu_rescaled_bootstrap,2000,2000,1.0,15
2021-2023,elastic_net,model4_combined,Model 4 combined biomarkers,fasting subsample,combined comparison sample,3397,434,combined_fasting_weight,survey_weighted_AUROC,0.8519438896052145,0.8524669264024157,0.0005230367972012262,0.014812275570738614,0.8244705852795886,0.8805783172756532,0.95,percentile,rao_wu_rescaled_bootstrap,2000,2000,1.0,15
2021-2023,elastic_net,model4_combined,Model 4 combined biomarkers,fasting subsample,combined comparison sample,3397,434,combined_fasting_weight,survey_weighted_PR_AUC,0.41812929854291603,0.42039476664361736,0.002265468100701329,0.026504163479283655,0.3699353549986112,0.47175297636083746,0.95,percentile,rao_wu_rescaled_bootstrap,2000,2000,1.0,15
2021-2023,elastic_net,model4_combined,Model 4 combined biomarkers,fasting subsample,combined comparison sample,3397,434,combined_fasting_weight,weighted_Brier,0.0675509954143531,0.06755254190955086,1.5464951977628427e-06,0.0033005025764405445,0.061403670426860055,0.07385035296549403,0.95,percentile,rao_wu_rescaled_bootstrap,2000,2000,1.0,15
2021-2023,elastic_net,model4_combined,Model 4 combined biomarkers,fasting subsample,combined comparison sample,3397,434,combined_fasting_weight,weighted_log_loss,0.2320081309576234,0.23192388648936776,-8.42444682556398e-05,0.010360940929217414,0.2123515535625649,0.25205540048961644,0.95,percentile,rao_wu_rescaled_bootstrap,2000,2000,1.0,15
2021-2023,elastic_net,model4_combined,Model 4 combined biomarkers,fasting subsample,combined comparison sample,3397,434,combined_fasting_weight,calibration_intercept,-0.1623083555330749,-0.15807360798942022,0.004234747543654688,0.12578542240421856,-0.39924667405873826,0.0883726508684742,0.95,percentile,rao_wu_rescaled_bootstrap,2000,2000,1.0,15
2021-2023,elastic_net,model4_combined,Model 4 combined biomarkers,fasting subsample,combined comparison sample,3397,434,combined_fasting_weight,calibration_slope,0.962897283556809,0.9701477723046857,0.007250488747876704,0.07448591072442928,0.840911716553944,1.127065657374866,0.95,percentile,rao_wu_rescaled_bootstrap,2000,2000,1.0,15
2021-2023,elastic_net,model4_combined,Model 4 combined biomarkers,fasting subsample,combined comparison sample,3397,434,combined_fasting_weight,observed_expected_ratio,0.9274001375851872,0.9267852861133925,-0.0006148514717947418,0.05528965261190406,0.8223116043828356,1.0288507139032383,0.95,percentile,rao_wu_rescaled_bootstrap,2000,2000,1.0,15
2021-2023,elastic_net,model4_combined,Model 4 combined biomarkers,fasting subsample,combined comparison sample,3397,434,combined_fasting_weight,weighted_observed_prevalence,0.09335715157717278,0.0933864867014018,2.9335124229021292e-05,0.005384949699689709,0.08288153997076297,0.10367061276262644,0.95,percentile,rao_wu_rescaled_bootstrap,2000,2000,1.0,15
2021-2023,elastic_net,model4_combined,Model 4 combined biomarkers,fasting subsample,combined comparison sample,3397,434,combined_fasting_weight,weighted_mean_predicted_probability,0.10066544934990089,0.10084445843624833,0.00017900908634743695,0.0037168463733269984,0.09390992294050385,0.10827551405350984,0.95,percentile,rao_wu_rescaled_bootstrap,2000,2000,1.0,15
2021-2023,elastic_net,model4_combined,Model 4 combined biomarkers,fasting subsample,combined comparison sample,3397,434,combined_fasting_weight,calibration_in_the_large,-0.08346365714844461,-0.08607709984586519,-0.0026134426974205732,0.06631093556066664,-0.21526711586514444,0.03153401005539978,0.95,percentile,rao_wu_rescaled_bootstrap,2000,2000,1.0,15
2021-2023,elastic_net,model0_paired_metabolic,Model 0 paired metabolic sample,fasting subsample,metabolic comparison sample,3397,434,combined_fasting_weight,survey_weighted_AUROC,0.8445283446324776,0.8452159037561682,0.000687559123690562,0.016087535322047156,0.8150478117609437,0.8767059076662442,0.95,percentile,rao_wu_rescaled_bootstrap,2000,2000,1.0,15
2021-2023,elastic_net,model0_paired_metabolic,Model 0 paired metabolic sample,fasting subsample,metabolic comparison sample,3397,434,combined_fasting_weight,survey_weighted_PR_AUC,0.39313762164988486,0.3979191456985626,0.0047815240486777655,0.025781489883727193,0.34890523465316026,0.44662324209430565,0.95,percentile,rao_wu_rescaled_bootstrap,2000,2000,1.0,15
2021-2023,elastic_net,model0_paired_metabolic,Model 0 paired metabolic sample,fasting subsample,metabolic comparison sample,3397,434,combined_fasting_weight,weighted_Brier,0.06892074054202914,0.06889728326353912,-2.3457278490013334e-05,0.003472195654586622,0.062273515326849764,0.07544794260035728,0.95,percentile,rao_wu_rescaled_bootstrap,2000,2000,1.0,15
2021-2023,elastic_net,model0_paired_metabolic,Model 0 paired metabolic sample,fasting subsample,metabolic comparison sample,3397,434,combined_fasting_weight,weighted_log_loss,0.2370130868293906,0.23685017551387086,-0.00016291131551973703,0.010954984906980504,0.2158922737086579,0.25770125917269593,0.95,percentile,rao_wu_rescaled_bootstrap,2000,2000,1.0,15
2021-2023,elastic_net,model0_paired_metabolic,Model 0 paired metabolic sample,fasting subsample,metabolic comparison sample,3397,434,combined_fasting_weight,calibration_intercept,-0.2096166730688555,-0.20139362147212375,0.008223051596731756,0.12999506214568052,-0.4486851608051384,0.06497190892149883,0.95,percentile,rao_wu_rescaled_bootstrap,2000,2000,1.0,15
2021-2023,elastic_net,model0_paired_metabolic,Model 0 paired metabolic sample,fasting subsample,metabolic comparison sample,3397,434,combined_fasting_weight,calibration_slope,0.9580870019104686,0.9681520302747398,0.010065028364271256,0.08372101811318339,0.8284016243373449,1.154970104048612,0.95,percentile,rao_wu_rescaled_bootstrap,2000,2000,1.0,15
2021-2023,elastic_net,model0_paired_metabolic,Model 0 paired metabolic sample,fasting subsample,metabolic comparison sample,3397,434,combined_fasting_weight,observed_expected_ratio,0.8985188679604661,0.8986425783892745,0.0001237104288084323,0.05525303541508758,0.7969480813437946,1.0027902546227287,0.95,percentile,rao_wu_rescaled_bootstrap,2000,2000,1.0,15
2021-2023,elastic_net,model0_paired_metabolic,Model 0 paired metabolic sample,fasting subsample,metabolic comparison sample,3397,434,combined_fasting_weight,weighted_observed_prevalence,0.09335715157717278,0.0933864867014018,2.9335124229021292e-05,0.005384949699689709,0.08288153997076297,0.10367061276262644,0.95,percentile,rao_wu_rescaled_bootstrap,2000,2000,1.0,15
2021-2023,elastic_net,model0_paired_metabolic,Model 0 paired metabolic sample,fasting subsample,metabolic comparison sample,3397,434,combined_fasting_weight,weighted_mean_predicted_probability,0.10390115879155962,0.1040139392961637,0.0001127805046040875,0.0038332641288357215,0.09707106782175358,0.11178161154331691,0.95,percentile,rao_wu_rescaled_bootstrap,2000,2000,1.0,15
2021-2023,elastic_net,model0_paired_metabolic,Model 0 paired metabolic sample,fasting subsample,metabolic comparison sample,3397,434,combined_fasting_weight,calibration_in_the_large,-0.11870545299496538,-0.12055408567509397,-0.0018486326801285952,0.06833425619330033,-0.25199051177540466,0.0030968851127752355,0.95,percentile,rao_wu_rescaled_bootstrap,2000,2000,1.0,15
2021-2023,elastic_net,model0_paired_combined,Model 0 paired combined sample,fasting subsample,combined comparison sample,3397,434,combined_fasting_weight,survey_weighted_AUROC,0.8445283446324776,0.8452159037561682,0.000687559123690562,0.016087535322047156,0.8150478117609437,0.8767059076662442,0.95,percentile,rao_wu_rescaled_bootstrap,2000,2000,1.0,15
2021-2023,elastic_net,model0_paired_combined,Model 0 paired combined sample,fasting subsample,combined comparison sample,3397,434,combined_fasting_weight,survey_weighted_PR_AUC,0.39313762164988486,0.3979191456985626,0.0047815240486777655,0.025781489883727193,0.34890523465316026,0.44662324209430565,0.95,percentile,rao_wu_rescaled_bootstrap,2000,2000,1.0,15
2021-2023,elastic_net,model0_paired_combined,Model 0 paired combined sample,fasting subsample,combined comparison sample,3397,434,combined_fasting_weight,weighted_Brier,0.06892074054202914,0.06889728326353912,-2.3457278490013334e-05,0.003472195654586622,0.062273515326849764,0.07544794260035728,0.95,percentile,rao_wu_rescaled_bootstrap,2000,2000,1.0,15
2021-2023,elastic_net,model0_paired_combined,Model 0 paired combined sample,fasting subsample,combined comparison sample,3397,434,combined_fasting_weight,weighted_log_loss,0.2370130868293906,0.23685017551387086,-0.00016291131551973703,0.010954984906980504,0.2158922737086579,0.25770125917269593,0.95,percentile,rao_wu_rescaled_bootstrap,2000,2000,1.0,15
2021-2023,elastic_net,model0_paired_combined,Model 0 paired combined sample,fasting subsample,combined comparison sample,3397,434,combined_fasting_weight,calibration_intercept,-0.2096166730688555,-0.20139362147212375,0.008223051596731756,0.12999506214568052,-0.4486851608051384,0.06497190892149883,0.95,percentile,rao_wu_rescaled_bootstrap,2000,2000,1.0,15
2021-2023,elastic_net,model0_paired_combined,Model 0 paired combined sample,fasting subsample,combined comparison sample,3397,434,combined_fasting_weight,calibration_slope,0.9580870019104686,0.9681520302747398,0.010065028364271256,0.08372101811318339,0.8284016243373449,1.154970104048612,0.95,percentile,rao_wu_rescaled_bootstrap,2000,2000,1.0,15
2021-2023,elastic_net,model0_paired_combined,Model 0 paired combined sample,fasting subsample,combined comparison sample,3397,434,combined_fasting_weight,observed_expected_ratio,0.8985188679604661,0.8986425783892745,0.0001237104288084323,0.05525303541508758,0.7969480813437946,1.0027902546227287,0.95,percentile,rao_wu_rescaled_bootstrap,2000,2000,1.0,15
2021-2023,elastic_net,model0_paired_combined,Model 0 paired combined sample,fasting subsample,combined comparison sample,3397,434,combined_fasting_weight,weighted_observed_prevalence,0.09335715157717278,0.0933864867014018,2.9335124229021292e-05,0.005384949699689709,0.08288153997076297,0.10367061276262644,0.95,percentile,rao_wu_rescaled_bootstrap,2000,2000,1.0,15
2021-2023,elastic_net,model0_paired_combined,Model 0 paired combined sample,fasting subsample,combined comparison sample,3397,434,combined_fasting_weight,weighted_mean_predicted_probability,0.10390115879155962,0.1040139392961637,0.0001127805046040875,0.0038332641288357215,0.09707106782175358,0.11178161154331691,0.95,percentile,rao_wu_rescaled_bootstrap,2000,2000,1.0,15
2021-2023,elastic_net,model0_paired_combined,Model 0 paired combined sample,fasting subsample,combined comparison sample,3397,434,combined_fasting_weight,calibration_in_the_large,-0.11870545299496538,-0.12055408567509397,-0.0018486326801285952,0.06833425619330033,-0.25199051177540466,0.0030968851127752355,0.95,percentile,rao_wu_rescaled_bootstrap,2000,2000,1.0,15
2021-2023,xgboost,model0_core,Model 0 core clinical,MEC examination sample,core MEC target sample,7766,982,combined_mec_weight,survey_weighted_AUROC,0.8621736564768957,0.8620925721720778,-8.108430481790219e-05,0.011471642174250011,0.8400800598162809,0.8842194637848956,0.95,percentile,rao_wu_rescaled_bootstrap,2000,2000,1.0,15
2021-2023,xgboost,model0_core,Model 0 core clinical,MEC examination sample,core MEC target sample,7766,982,combined_mec_weight,survey_weighted_PR_AUC,0.4195517124126565,0.4207832606507182,0.0012315482380617082,0.025671891095504343,0.36991250148280475,0.470783923336511,0.95,percentile,rao_wu_rescaled_bootstrap,2000,2000,1.0,15
2021-2023,xgboost,model0_core,Model 0 core clinical,MEC examination sample,core MEC target sample,7766,982,combined_mec_weight,weighted_Brier,0.06915381468828727,0.06923630541835664,8.249073006937058e-05,0.003130519922365488,0.06365336636951058,0.07546099627112463,0.95,percentile,rao_wu_rescaled_bootstrap,2000,2000,1.0,15
2021-2023,xgboost,model0_core,Model 0 core clinical,MEC examination sample,core MEC target sample,7766,982,combined_mec_weight,weighted_log_loss,0.23325840558485472,0.2334370795714504,0.00017867398659568434,0.009287162596058168,0.21664475064298425,0.25198237333906015,0.95,percentile,rao_wu_rescaled_bootstrap,2000,2000,1.0,15
2021-2023,xgboost,model0_core,Model 0 core clinical,MEC examination sample,core MEC target sample,7766,982,combined_mec_weight,calibration_intercept,-0.12383156614525577,-0.12100014822729883,0.0028314179179569354,0.10342340459769019,-0.31665972491380767,0.0816997105465106,0.95,percentile,rao_wu_rescaled_bootstrap,2000,2000,1.0,15
2021-2023,xgboost,model0_core,Model 0 core clinical,MEC examination sample,core MEC target sample,7766,982,combined_mec_weight,calibration_slope,0.9838804149290225,0.9879373083708388,0.004056893441816367,0.06162451963329422,0.8795374936553142,1.1115196648579184,0.95,percentile,rao_wu_rescaled_bootstrap,2000,2000,1.0,15
2021-2023,xgboost,model0_core,Model 0 core clinical,MEC examination sample,core MEC target sample,7766,982,combined_mec_weight,observed_expected_ratio,0.931774235882858,0.9319340615647019,0.000159825681843917,0.035420574986382514,0.8648520221453728,0.9997897799024685,0.95,percentile,rao_wu_rescaled_bootstrap,2000,2000,1.0,15
2021-2023,xgboost,model0_core,Model 0 core clinical,MEC examination sample,core MEC target sample,7766,982,combined_mec_weight,weighted_observed_prevalence,0.09695569595871846,0.09709409020457789,0.00013839424585943005,0.005140719429047566,0.08765668520971824,0.10751696105635261,0.95,percentile,rao_wu_rescaled_bootstrap,2000,2000,1.0,15
2021-2023,xgboost,model0_core,Model 0 core clinical,MEC examination sample,core MEC target sample,7766,982,combined_mec_weight,weighted_mean_predicted_probability,0.1040549225605629,0.10419771178842004,0.0001427892278571402,0.004156185648405372,0.09645402819857958,0.11270444550874281,0.95,percentile,rao_wu_rescaled_bootstrap,2000,2000,1.0,15
2021-2023,xgboost,model0_core,Model 0 core clinical,MEC examination sample,core MEC target sample,7766,982,combined_mec_weight,calibration_in_the_large,-0.07855723160419181,-0.07910942268855203,-0.0005521910843602207,0.042160585932165144,-0.16045343721930896,-0.00023257210713273325,0.95,percentile,rao_wu_rescaled_bootstrap,2000,2000,1.0,15
2021-2023,xgboost,model1_renal,Model 1 renal,MEC examination sample,renal comparison sample,7766,982,combined_mec_weight,survey_weighted_AUROC,0.8639780653469376,0.8639514846984948,-2.6580648442742216e-05,0.012176849446164753,0.8408451803613438,0.8873188486248186,0.95,percentile,rao_wu_rescaled_bootstrap,2000,2000,1.0,15
2021-2023,xgboost,model1_renal,Model 1 renal,MEC examination sample,renal comparison sample,7766,982,combined_mec_weight,survey_weighted_PR_AUC,0.426024915518285,0.42665756386855525,0.0006326483502702707,0.025288027369500272,0.37794322128626767,0.475031208667696,0.95,percentile,rao_wu_rescaled_bootstrap,2000,2000,1.0,15
2021-2023,xgboost,model1_renal,Model 1 renal,MEC examination sample,renal comparison sample,7766,982,combined_mec_weight,weighted_Brier,0.06874826149383224,0.06881946217466857,7.120068083632525e-05,0.003074301301948454,0.06326697544788253,0.07471658074665233,0.95,percentile,rao_wu_rescaled_bootstrap,2000,2000,1.0,15
2021-2023,xgboost,model1_renal,Model 1 renal,MEC examination sample,renal comparison sample,7766,982,combined_mec_weight,weighted_log_loss,0.23214338471916265,0.23228003018937052,0.00013664547020786344,0.009036623844356946,0.2154592732736015,0.250024757850578,0.95,percentile,rao_wu_rescaled_bootstrap,2000,2000,1.0,15
2021-2023,xgboost,model1_renal,Model 1 renal,MEC examination sample,renal comparison sample,7766,982,combined_mec_weight,calibration_intercept,-0.10035228644887832,-0.09686843047966638,0.003483855969211941,0.11044442895664494,-0.30481674717683876,0.12188919397747186,0.95,percentile,rao_wu_rescaled_bootstrap,2000,2000,1.0,15
2021-2023,xgboost,model1_renal,Model 1 renal,MEC examination sample,renal comparison sample,7766,982,combined_mec_weight,calibration_slope,0.9956056462429321,1.0001358229901707,0.004530176747238546,0.06521012216056905,0.8887781368238725,1.1291691499945353,0.95,percentile,rao_wu_rescaled_bootstrap,2000,2000,1.0,15
2021-2023,xgboost,model1_renal,Model 1 renal,MEC examination sample,renal comparison sample,7766,982,combined_mec_weight,observed_expected_ratio,0.9366894623186295,0.9367013999257243,1.1937607094836267e-05,0.03348842512336111,0.871563761842276,1.000840893599998,0.95,percentile,rao_wu_rescaled_bootstrap,2000,2000,1.0,15
2021-2023,xgboost,model1_renal,Model 1 renal,MEC examination sample,renal comparison sample,7766,982,combined_mec_weight,weighted_observed_prevalence,0.09695569595871846,0.09709409020457789,0.00013839424585943005,0.005140719429047566,0.08765668520971824,0.10751696105635261,0.95,percentile,rao_wu_rescaled_bootstrap,2000,2000,1.0,15
2021-2023,xgboost,model1_renal,Model 1 renal,MEC examination sample,renal comparison sample,7766,982,combined_mec_weight,weighted_mean_predicted_probability,0.10350890007742766,0.10365402395711652,0.00014512387968886042,0.004012645985914296,0.09621829906340526,0.11208539764687285,0.95,percentile,rao_wu_rescaled_bootstrap,2000,2000,1.0,15
2021-2023,xgboost,model1_renal,Model 1 renal,MEC examination sample,renal comparison sample,7766,982,combined_mec_weight,calibration_in_the_large,-0.0726867185919593,-0.07331661484471622,-0.0006298962527569174,0.03965087848226352,-0.15230633783139622,0.0009385651248531013,0.95,percentile,rao_wu_rescaled_bootstrap,2000,2000,1.0,15
2021-2023,xgboost,model2_metabolic,Model 2 metabolic,fasting subsample,metabolic comparison sample,3397,434,combined_fasting_weight,survey_weighted_AUROC,0.851856016899354,0.8523906777445502,0.0005346608451962664,0.016196531207506897,0.8230911399643271,0.8842947184971423,0.95,percentile,rao_wu_rescaled_bootstrap,2000,2000,1.0,15
2021-2023,xgboost,model2_metabolic,Model 2 metabolic,fasting subsample,metabolic comparison sample,3397,434,combined_fasting_weight,survey_weighted_PR_AUC,0.4251116809112644,0.4274474568151851,0.0023357759039207004,0.02995673970964907,0.36777610787792214,0.48537537469622416,0.95,percentile,rao_wu_rescaled_bootstrap,2000,2000,1.0,15
2021-2023,xgboost,model2_metabolic,Model 2 metabolic,fasting subsample,metabolic comparison sample,3397,434,combined_fasting_weight,weighted_Brier,0.06738894903571932,0.06740808422300143,1.9135187282109944e-05,0.003497853130702732,0.060726309907494044,0.07402588834778709,0.95,percentile,rao_wu_rescaled_bootstrap,2000,2000,1.0,15
2021-2023,xgboost,model2_metabolic,Model 2 metabolic,fasting subsample,metabolic comparison sample,3397,434,combined_fasting_weight,weighted_log_loss,0.23211830291974028,0.23211217335077386,-6.129568966423138e-06,0.011442099541634552,0.2094762063259119,0.25377828929131646,0.95,percentile,rao_wu_rescaled_bootstrap,2000,2000,1.0,15
2021-2023,xgboost,model2_metabolic,Model 2 metabolic,fasting subsample,metabolic comparison sample,3397,434,combined_fasting_weight,calibration_intercept,-0.15156934695899751,-0.1460344620848795,0.005534884874118018,0.11848159566503005,-0.38218493971414014,0.08711090998185635,0.95,percentile,rao_wu_rescaled_bootstrap,2000,2000,1.0,15
2021-2023,xgboost,model2_metabolic,Model 2 metabolic,fasting subsample,metabolic comparison sample,3397,434,combined_fasting_weight,calibration_slope,1.006604732030674,1.0155188117304876,0.008914079699813726,0.08512608339925339,0.8772861448922363,1.1990708903294272,0.95,percentile,rao_wu_rescaled_bootstrap,2000,2000,1.0,15
2021-2023,xgboost,model2_metabolic,Model 2 metabolic,fasting subsample,metabolic comparison sample,3397,434,combined_fasting_weight,observed_expected_ratio,0.8913503933022803,0.8915841353115115,0.00023374200923120814,0.05669756384403332,0.7850767197653642,0.9994408715634702,0.95,percentile,rao_wu_rescaled_bootstrap,2000,2000,1.0,15
2021-2023,xgboost,model2_metabolic,Model 2 metabolic,fasting subsample,metabolic comparison sample,3397,434,combined_fasting_weight,weighted_observed_prevalence,0.09335715157717278,0.0933864867014018,2.9335124229021292e-05,0.005384949699689709,0.08288153997076297,0.10367061276262644,0.95,percentile,rao_wu_rescaled_bootstrap,2000,2000,1.0,15
2021-2023,xgboost,model2_metabolic,Model 2 metabolic,fasting subsample,metabolic comparison sample,3397,434,combined_fasting_weight,weighted_mean_predicted_probability,0.10473675927970666,0.10486123859582577,0.00012447931611911378,0.004129354249231765,0.09717011621821962,0.11301017820744069,0.95,percentile,rao_wu_rescaled_bootstrap,2000,2000,1.0,15
2021-2023,xgboost,model2_metabolic,Model 2 metabolic,fasting subsample,metabolic comparison sample,3397,434,combined_fasting_weight,calibration_in_the_large,-0.1276484717571953,-0.12951819293276345,-0.001869721175568162,0.07068993588144637,-0.26673537907145123,-0.0006228883513620021,0.95,percentile,rao_wu_rescaled_bootstrap,2000,2000,1.0,15
2021-2023,xgboost,model3_inflammatory,Model 3 inflammatory,MEC examination sample,inflammatory comparison sample,7766,982,combined_mec_weight,survey_weighted_AUROC,0.8635423119092513,0.8635578102293111,1.5498320059759152e-05,0.011942759723761246,0.8410031656356827,0.886674983488969,0.95,percentile,rao_wu_rescaled_bootstrap,2000,2000,1.0,15
2021-2023,xgboost,model3_inflammatory,Model 3 inflammatory,MEC examination sample,inflammatory comparison sample,7766,982,combined_mec_weight,survey_weighted_PR_AUC,0.4252128491780646,0.42658396913287117,0.0013711199548065434,0.025274436427767003,0.37711755945244607,0.47548556511923346,0.95,percentile,rao_wu_rescaled_bootstrap,2000,2000,1.0,15
2021-2023,xgboost,model3_inflammatory,Model 3 inflammatory,MEC examination sample,inflammatory comparison sample,7766,982,combined_mec_weight,weighted_Brier,0.06875661936370053,0.0688301776855522,7.355832185167166e-05,0.0031142269671950774,0.06315675906902767,0.0747822270835244,0.95,percentile,rao_wu_rescaled_bootstrap,2000,2000,1.0,15
2021-2023,xgboost,model3_inflammatory,Model 3 inflammatory,MEC examination sample,inflammatory comparison sample,7766,982,combined_mec_weight,weighted_log_loss,0.23220067493261878,0.23234366040504767,0.00014298547242888593,0.009328969066849596,0.21500459047891124,0.25082799388132837,0.95,percentile,rao_wu_rescaled_bootstrap,2000,2000,1.0,15
2021-2023,xgboost,model3_inflammatory,Model 3 inflammatory,MEC examination sample,inflammatory comparison sample,7766,982,combined_mec_weight,calibration_intercept,-0.06800620882624535,-0.06423808777250574,0.0037681210537396093,0.10986124314527863,-0.27371229711050526,0.15578478289768566,0.95,percentile,rao_wu_rescaled_bootstrap,2000,2000,1.0,15
2021-2023,xgboost,model3_inflammatory,Model 3 inflammatory,MEC examination sample,inflammatory comparison sample,7766,982,combined_mec_weight,calibration_slope,1.019898160208602,1.024486471204081,0.004588310995479183,0.06565586768650981,0.9118145973508582,1.1571338525048145,0.95,percentile,rao_wu_rescaled_bootstrap,2000,2000,1.0,15
2021-2023,xgboost,model3_inflammatory,Model 3 inflammatory,MEC examination sample,inflammatory comparison sample,7766,982,combined_mec_weight,observed_expected_ratio,0.9344390138663669,0.9346540985581184,0.00021508469175157696,0.03472911791088553,0.8679374452889719,1.0012522476600454,0.95,percentile,rao_wu_rescaled_bootstrap,2000,2000,1.0,15
2021-2023,xgboost,model3_inflammatory,Model 3 inflammatory,MEC examination sample,inflammatory comparison sample,7766,982,combined_mec_weight,weighted_observed_prevalence,0.09695569595871846,0.09709409020457789,0.00013839424585943005,0.005140719429047566,0.08765668520971824,0.10751696105635261,0.95,percentile,rao_wu_rescaled_bootstrap,2000,2000,1.0,15
2021-2023,xgboost,model3_inflammatory,Model 3 inflammatory,MEC examination sample,inflammatory comparison sample,7766,982,combined_mec_weight,weighted_mean_predicted_probability,0.103758184878809,0.10388144863134323,0.00012326375253422783,0.00389077349366797,0.0967794274958125,0.11183043153829317,0.95,percentile,rao_wu_rescaled_bootstrap,2000,2000,1.0,15
2021-2023,xgboost,model3_inflammatory,Model 3 inflammatory,MEC examination sample,inflammatory comparison sample,7766,982,combined_mec_weight,calibration_in_the_large,-0.0753702707974706,-0.07580882287657312,-0.00043855207910251104,0.04119796287946495,-0.1568459217933334,0.0013983776452321944,0.95,percentile,rao_wu_rescaled_bootstrap,2000,2000,1.0,15
2021-2023,xgboost,model4_combined,Model 4 combined biomarkers,fasting subsample,combined comparison sample,3397,434,combined_fasting_weight,survey_weighted_AUROC,0.8564063696826409,0.8569771889211558,0.0005708192385148747,0.015985811424003207,0.8278430337937394,0.8875482814886201,0.95,percentile,rao_wu_rescaled_bootstrap,2000,2000,1.0,15
2021-2023,xgboost,model4_combined,Model 4 combined biomarkers,fasting subsample,combined comparison sample,3397,434,combined_fasting_weight,survey_weighted_PR_AUC,0.4424306482774717,0.4443448739493059,0.001914225671834191,0.025166690546501412,0.3951011130429979,0.4925689701423177,0.95,percentile,rao_wu_rescaled_bootstrap,2000,2000,1.0,15
2021-2023,xgboost,model4_combined,Model 4 combined biomarkers,fasting subsample,combined comparison sample,3397,434,combined_fasting_weight,weighted_Brier,0.06627765630509747,0.06629664261556588,1.898631046841348e-05,0.0033633244796599433,0.06000672721879307,0.07269370297937763,0.95,percentile,rao_wu_rescaled_bootstrap,2000,2000,1.0,15
2021-2023,xgboost,model4_combined,Model 4 combined biomarkers,fasting subsample,combined comparison sample,3397,434,combined_fasting_weight,weighted_log_loss,0.22858715761539908,0.22855645380787049,-3.0703807528592586e-05,0.011199513304987436,0.20682271187382814,0.2496927085155832,0.95,percentile,rao_wu_rescaled_bootstrap,2000,2000,1.0,15
2021-2023,xgboost,model4_combined,Model 4 combined biomarkers,fasting subsample,combined comparison sample,3397,434,combined_fasting_weight,calibration_intercept,-0.17915306557516356,-0.1740237904481005,0.005129275127063043,0.12630958672985917,-0.4213244253917353,0.0826146005555433,0.95,percentile,rao_wu_rescaled_bootstrap,2000,2000,1.0,15
2021-2023,xgboost,model4_combined,Model 4 combined biomarkers,fasting subsample,combined comparison sample,3397,434,combined_fasting_weight,calibration_slope,0.9658168936294809,0.973704754489995,0.007887860860514184,0.08057327103112649,0.8461576323089373,1.1374177171972173,0.95,percentile,rao_wu_rescaled_bootstrap,2000,2000,1.0,15
2021-2023,xgboost,model4_combined,Model 4 combined biomarkers,fasting subsample,combined comparison sample,3397,434,combined_fasting_weight,observed_expected_ratio,0.914212559732718,0.9137027566137572,-0.000509803118960761,0.052604001427006684,0.8128324784916477,1.010796863803601,0.95,percentile,rao_wu_rescaled_bootstrap,2000,2000,1.0,15
2021-2023,xgboost,model4_combined,Model 4 combined biomarkers,fasting subsample,combined comparison sample,3397,434,combined_fasting_weight,weighted_observed_prevalence,0.09335715157717278,0.0933864867014018,2.9335124229021292e-05,0.005384949699689709,0.08288153997076297,0.10367061276262644,0.95,percentile,rao_wu_rescaled_bootstrap,2000,2000,1.0,15
2021-2023,xgboost,model4_combined,Model 4 combined biomarkers,fasting subsample,combined comparison sample,3397,434,combined_fasting_weight,weighted_mean_predicted_probability,0.10211755524827505,0.1022664098142431,0.00014885456596805402,0.0035042836009940266,0.09583888028293337,0.10910510879719201,0.95,percentile,rao_wu_rescaled_bootstrap,2000,2000,1.0,15
2021-2023,xgboost,model4_combined,Model 4 combined biomarkers,fasting subsample,combined comparison sample,3397,434,combined_fasting_weight,calibration_in_the_large,-0.09940162295404598,-0.10175243157137191,-0.0023508086173259363,0.06398379631748319,-0.22889068356662548,0.011982027206851441,0.95,percentile,rao_wu_rescaled_bootstrap,2000,2000,1.0,15
2021-2023,xgboost,model0_paired_metabolic,Model 0 paired metabolic sample,fasting subsample,metabolic comparison sample,3397,434,combined_fasting_weight,survey_weighted_AUROC,0.852904475984044,0.8534133107729793,0.000508834788935375,0.017155796075135885,0.8226120760977823,0.8867199431632682,0.95,percentile,rao_wu_rescaled_bootstrap,2000,2000,1.0,15
2021-2023,xgboost,model0_paired_metabolic,Model 0 paired metabolic sample,fasting subsample,metabolic comparison sample,3397,434,combined_fasting_weight,survey_weighted_PR_AUC,0.43190709140367417,0.4338349104667601,0.0019278190630859227,0.02417386551739228,0.38657063191985913,0.4817026545436978,0.95,percentile,rao_wu_rescaled_bootstrap,2000,2000,1.0,15
2021-2023,xgboost,model0_paired_metabolic,Model 0 paired metabolic sample,fasting subsample,metabolic comparison sample,3397,434,combined_fasting_weight,weighted_Brier,0.06691846296497665,0.06693019553885991,1.1732573883260766e-05,0.0034682133177157933,0.060260258637543536,0.07342078429950119,0.95,percentile,rao_wu_rescaled_bootstrap,2000,2000,1.0,15
2021-2023,xgboost,model0_paired_metabolic,Model 0 paired metabolic sample,fasting subsample,metabolic comparison sample,3397,434,combined_fasting_weight,weighted_log_loss,0.2310284844586254,0.23100210671845428,-2.637774017111294e-05,0.011508521860465745,0.2084323063863909,0.252519455421242,0.95,percentile,rao_wu_rescaled_bootstrap,2000,2000,1.0,15
2021-2023,xgboost,model0_paired_metabolic,Model 0 paired metabolic sample,fasting subsample,metabolic comparison sample,3397,434,combined_fasting_weight,calibration_intercept,-0.15250542010749696,-0.14603411213968567,0.006471307967811285,0.11882274339160781,-0.3743190864388739,0.09458757811014641,0.95,percentile,rao_wu_rescaled_bootstrap,2000,2000,1.0,15
2021-2023,xgboost,model0_paired_metabolic,Model 0 paired metabolic sample,fasting subsample,metabolic comparison sample,3397,434,combined_fasting_weight,calibration_slope,1.015177186212524,1.0243181275208955,0.009140941308371398,0.08470115740936002,0.886945250161282,1.2069644865925617,0.95,percentile,rao_wu_rescaled_bootstrap,2000,2000,1.0,15
2021-2023,xgboost,model0_paired_metabolic,Model 0 paired metabolic sample,fasting subsample,metabolic comparison sample,3397,434,combined_fasting_weight,observed_expected_ratio,0.8835991945341677,0.8838360622173812,0.00023686768321351526,0.053901805787166385,0.7847429021168075,0.9865901864307188,0.95,percentile,rao_wu_rescaled_bootstrap,2000,2000,1.0,15
2021-2023,xgboost,model0_paired_metabolic,Model 0 paired metabolic sample,fasting subsample,metabolic comparison sample,3397,434,combined_fasting_weight,weighted_observed_prevalence,0.09335715157717278,0.0933864867014018,2.9335124229021292e-05,0.005384949699689709,0.08288153997076297,0.10367061276262644,0.95,percentile,rao_wu_rescaled_bootstrap,2000,2000,1.0,15
2021-2023,xgboost,model0_paired_metabolic,Model 0 paired metabolic sample,fasting subsample,metabolic comparison sample,3397,434,combined_fasting_weight,weighted_mean_predicted_probability,0.10565554173732644,0.10575626324365671,0.00010072150633026744,0.003980514544543422,0.09839215754349917,0.11373048235388551,0.95,percentile,rao_wu_rescaled_bootstrap,2000,2000,1.0,15
2021-2023,xgboost,model0_paired_metabolic,Model 0 paired metabolic sample,fasting subsample,metabolic comparison sample,3397,434,combined_fasting_weight,calibration_in_the_large,-0.13740931812988855,-0.13908398239458597,-0.001674664264697423,0.06780288315439646,-0.26778188824627314,-0.015061732405362451,0.95,percentile,rao_wu_rescaled_bootstrap,2000,2000,1.0,15
2021-2023,xgboost,model0_paired_combined,Model 0 paired combined sample,fasting subsample,combined comparison sample,3397,434,combined_fasting_weight,survey_weighted_AUROC,0.852904475984044,0.8534133107729793,0.000508834788935375,0.017155796075135885,0.8226120760977823,0.8867199431632682,0.95,percentile,rao_wu_rescaled_bootstrap,2000,2000,1.0,15
2021-2023,xgboost,model0_paired_combined,Model 0 paired combined sample,fasting subsample,combined comparison sample,3397,434,combined_fasting_weight,survey_weighted_PR_AUC,0.43190709140367417,0.4338349104667601,0.0019278190630859227,0.02417386551739228,0.38657063191985913,0.4817026545436978,0.95,percentile,rao_wu_rescaled_bootstrap,2000,2000,1.0,15
2021-2023,xgboost,model0_paired_combined,Model 0 paired combined sample,fasting subsample,combined comparison sample,3397,434,combined_fasting_weight,weighted_Brier,0.06691846296497665,0.06693019553885991,1.1732573883260766e-05,0.0034682133177157933,0.060260258637543536,0.07342078429950119,0.95,percentile,rao_wu_rescaled_bootstrap,2000,2000,1.0,15
2021-2023,xgboost,model0_paired_combined,Model 0 paired combined sample,fasting subsample,combined comparison sample,3397,434,combined_fasting_weight,weighted_log_loss,0.2310284844586254,0.23100210671845428,-2.637774017111294e-05,0.011508521860465745,0.2084323063863909,0.252519455421242,0.95,percentile,rao_wu_rescaled_bootstrap,2000,2000,1.0,15
2021-2023,xgboost,model0_paired_combined,Model 0 paired combined sample,fasting subsample,combined comparison sample,3397,434,combined_fasting_weight,calibration_intercept,-0.15250542010749696,-0.14603411213968567,0.006471307967811285,0.11882274339160781,-0.3743190864388739,0.09458757811014641,0.95,percentile,rao_wu_rescaled_bootstrap,2000,2000,1.0,15
2021-2023,xgboost,model0_paired_combined,Model 0 paired combined sample,fasting subsample,combined comparison sample,3397,434,combined_fasting_weight,calibration_slope,1.015177186212524,1.0243181275208955,0.009140941308371398,0.08470115740936002,0.886945250161282,1.2069644865925617,0.95,percentile,rao_wu_rescaled_bootstrap,2000,2000,1.0,15
2021-2023,xgboost,model0_paired_combined,Model 0 paired combined sample,fasting subsample,combined comparison sample,3397,434,combined_fasting_weight,observed_expected_ratio,0.8835991945341677,0.8838360622173812,0.00023686768321351526,0.053901805787166385,0.7847429021168075,0.9865901864307188,0.95,percentile,rao_wu_rescaled_bootstrap,2000,2000,1.0,15
2021-2023,xgboost,model0_paired_combined,Model 0 paired combined sample,fasting subsample,combined comparison sample,3397,434,combined_fasting_weight,weighted_observed_prevalence,0.09335715157717278,0.0933864867014018,2.9335124229021292e-05,0.005384949699689709,0.08288153997076297,0.10367061276262644,0.95,percentile,rao_wu_rescaled_bootstrap,2000,2000,1.0,15
2021-2023,xgboost,model0_paired_combined,Model 0 paired combined sample,fasting subsample,combined comparison sample,3397,434,combined_fasting_weight,weighted_mean_predicted_probability,0.10565554173732644,0.10575626324365671,0.00010072150633026744,0.003980514544543422,0.09839215754349917,0.11373048235388551,0.95,percentile,rao_wu_rescaled_bootstrap,2000,2000,1.0,15
2021-2023,xgboost,model0_paired_combined,Model 0 paired combined sample,fasting subsample,combined comparison sample,3397,434,combined_fasting_weight,calibration_in_the_large,-0.13740931812988855,-0.13908398239458597,-0.001674664264697423,0.06780288315439646,-0.26778188824627314,-0.015061732405362451,0.95,percentile,rao_wu_rescaled_bootstrap,2000,2000,1.0,15
