comparison,algorithm,cycle,n,events,weight_variable,core_model,extended_model,delta_AUROC,delta_PR_AUC,delta_Brier_improvement,delta_log_loss_improvement,core_calibration_intercept,extended_calibration_intercept,core_calibration_slope,extended_calibration_slope,absolute_intercept_deviation_change,absolute_slope_deviation_change,uacr_method
combined,elastic_net,2005-2006,1814,206,combined_fasting_weight,model0_paired_combined,model4_combined,0.0150907406510132,0.050922227260475,0.0026717885781046,0.0094344758573682,-0.0858222646933286,-0.0200938137235446,0.8974404569480638,0.9614508608225204,0.065728450969784,0.0640104038744564,complete_case_refit
combined,elastic_net,2007-2008,2295,273,combined_fasting_weight,model0_paired_combined,model4_combined,0.0097965800802094,0.0202120146111443,0.0008897160418057,0.0040524066344974,0.090365904328392,0.0379335397411997,1.0314875423793948,1.0118935798212685,0.0524323645871923,0.0195939625581262,complete_case_refit
combined,elastic_net,2009-2010,2567,262,combined_fasting_weight,model0_paired_combined,model4_combined,0.0051611943093862,0.0064325484588621,0.0005809628432464,0.0023030461683248,-0.1581409335599736,-0.1452177281708853,0.972070985202548,0.959578882867494,0.0129232053890883,-0.012492102335054,complete_case_refit
combined,elastic_net,2011-2012,2273,229,combined_fasting_weight,model0_paired_combined,model4_combined,0.0063097626017647,0.022417168357311,0.0013620586744849,0.0038301303863422,-0.0678136953304413,-0.0488302966431609,0.9014063237827912,0.9007103872616409,0.0189833986872804,-0.0006959365211502,complete_case_refit
combined,elastic_net,2013-2014,2342,236,combined_fasting_weight,model0_paired_combined,model4_combined,0.0056045764306209,0.0238701832526211,0.0018992940761103,0.0043568394650544,0.165682517724127,0.1036527470843119,1.1456919734110114,1.1328912314588897,0.0620297706398151,0.0128007419521218,complete_case_refit
combined,elastic_net,2015-2016,2222,261,combined_fasting_weight,model0_paired_combined,model4_combined,0.0085259002035142,0.0339830555733339,0.0016920988259274,0.0053344423547156,0.1435154634656124,0.1721789061185418,1.124219311226928,1.1280557795058577,-0.0286634426529293,-0.0038364682789295,complete_case_refit
combined,elastic_net,2017-2018,2250,277,combined_fasting_weight,model0_paired_combined,model4_combined,0.0017892536355627,0.0227733301105343,0.000278809619815,0.0003138622748422,-0.1953772746594096,-0.2214762408488047,0.8861062647204894,0.8519985873781852,-0.026098966189395,-0.0341076773423041,complete_case_refit
combined,xgboost,2005-2006,1814,206,combined_fasting_weight,model0_paired_combined,model4_combined,0.0116255128037134,0.0612654998784913,0.0027050316598215,0.0088381147836113,0.1365342926792694,0.1808105591011417,0.9882350148825004,1.0295664898449055,-0.0442762664218722,-0.0178015047274058,complete_case_refit
combined,xgboost,2007-2008,2295,273,combined_fasting_weight,model0_paired_combined,model4_combined,0.0089821440411046,0.0261539760928606,0.0013785859938552,0.0050270987660446,0.1821241647226701,0.2439354179168903,1.0724314222133964,1.0925834675026451,-0.0618112531942201,-0.0201520452892489,complete_case_refit
combined,xgboost,2009-2010,2567,262,combined_fasting_weight,model0_paired_combined,model4_combined,0.0027603141618804,-0.0140696544138594,-0.000509842636397,0.0001698869085049,-0.0959743827007107,-0.1836298779501018,0.9911659545010224,0.9287474201860576,-0.0876554952493911,-0.062418534314965,complete_case_refit
combined,xgboost,2011-2012,2273,229,combined_fasting_weight,model0_paired_combined,model4_combined,0.0042310005083116,0.0168260308098844,0.0008718619670389,0.0025682746980926,0.0143366025644643,0.04516604985576,0.9224684911431632,0.9289756073465107,-0.0308294472912957,0.0065071162033474,complete_case_refit
combined,xgboost,2013-2014,2342,236,combined_fasting_weight,model0_paired_combined,model4_combined,0.0018696918164071,0.0356310909700104,0.0015961342155686,0.0033795379752972,0.1123376011320435,0.0856213065200915,1.1361547641415517,1.1295358558032682,0.026716294611952,0.0066189083382834,complete_case_refit
combined,xgboost,2015-2016,2222,261,combined_fasting_weight,model0_paired_combined,model4_combined,0.008448994666604,0.0367997601427444,0.0017982239217119,0.0055274744075039,0.114207738882839,0.1942755244345553,1.1524118338735894,1.1882301439779206,-0.0800677855517163,-0.0358183101043312,complete_case_refit
combined,xgboost,2017-2018,2250,277,combined_fasting_weight,model0_paired_combined,model4_combined,-0.0061057373963758,0.0110105669009666,-0.0013373080474842,-0.004786047051397,-0.2772449191704758,-0.3729456468628008,0.849444975924597,0.7820611607537021,-0.095700727692325,-0.0673838151708948,complete_case_refit
renal,elastic_net,2005-2006,4305,495,combined_mec_weight,model0_core,model1_renal,0.0039351931365206,0.0244445601800146,0.001498353173345,0.0039192315960552,0.1254936723698448,0.0934370659369762,1.0023003239445007,1.010293852973236,0.0320566064328685,-0.0079935290287351,complete_case_refit
renal,elastic_net,2007-2008,5467,626,combined_mec_weight,model0_core,model1_renal,0.0042508693895083,0.0252317725546618,0.0011364625186456,0.0031518555879546,0.0310974940691428,0.0389847254263278,1.0092398181598186,1.0119156971528571,-0.0078872313571849,-0.0026758789930385,complete_case_refit
renal,elastic_net,2009-2010,5860,617,combined_mec_weight,model0_core,model1_renal,0.0035526621561343,0.0020826509936185,0.0002855848321185,0.0013203416818621,-0.1518607193671436,-0.1592662641288044,0.9546608415271964,0.9382658952709176,-0.0074055447616607,-0.0163949462562786,complete_case_refit
renal,elastic_net,2011-2012,5143,515,combined_mec_weight,model0_core,model1_renal,0.006424699329145,0.0266470774121535,0.0012760413350502,0.0039700006609067,-0.0914134688059647,-0.0570405175998994,0.9401316709668492,0.9530117883052364,0.0343729512060652,0.0128801173383873,complete_case_refit
renal,elastic_net,2013-2014,5403,543,combined_mec_weight,model0_core,model1_renal,0.0073189334280509,0.0185945115107664,0.0013406320627708,0.0042780981232034,-0.0531535771532043,-0.0425087230488212,0.9889442167893588,1.0108161947667784,0.010644854104383,0.0002395884438628,complete_case_refit
renal,elastic_net,2015-2016,5279,570,combined_mec_weight,model0_core,model1_renal,0.0055993539929303,0.0141125169964034,0.0007693559201253,0.0026382550368663,0.060450906119013,0.0546023730206687,1.0741696602601252,1.0589288378379185,0.0058485330983442,0.0152408224222067,complete_case_refit
renal,elastic_net,2017-2018,5073,613,combined_mec_weight,model0_core,model1_renal,0.0016762583387442,0.0108309431082429,0.0001478413307935,0.00056642451429,0.0104056095332158,0.0059372098532896,0.993822873788151,0.978363694978758,0.0044683996799262,-0.015459178809393,complete_case_refit
renal,xgboost,2005-2006,4305,495,combined_mec_weight,model0_core,model1_renal,0.0032526718013119,0.0133619041773399,0.0013714882524429,0.0032778694714312,0.3467989901650132,0.1496168989534471,1.0880055365645127,1.0046872046585622,0.197182091211566,0.0833183319059505,complete_case_refit
renal,xgboost,2007-2008,5467,626,combined_mec_weight,model0_core,model1_renal,0.001442244262362,0.0251034042408565,0.0011014447898035,0.0022292275873111,0.1995657169530936,0.198131205211175,1.0911738945851996,1.0917229648831308,0.0014345117419186,-0.0005490702979311,complete_case_refit
renal,xgboost,2009-2010,5860,617,combined_mec_weight,model0_core,model1_renal,0.0032899072326832,0.0007580241969142,0.0001378445158414,0.0010532889137577,-0.037394262475409,-0.0303037400008114,1.0116829576924091,0.99945766412886,0.0070905224745976,0.011140621821269,complete_case_refit
renal,xgboost,2011-2012,5143,515,combined_mec_weight,model0_core,model1_renal,0.0054071273980166,0.0259070029926694,0.0009310610362623,0.0033028409062121,-0.0851262543633676,-0.0553354363072817,0.925547771036433,0.9463909097492622,0.0297908180560858,0.0208431387128291,complete_case_refit
renal,xgboost,2013-2014,5403,543,combined_mec_weight,model0_core,model1_renal,0.0052384253387905,0.0014618411325337,0.0006342379814286,0.0026666823774494,-0.1848928850853222,-0.1833355476697282,0.9322091879364652,0.9474164754920572,0.0015573374155939,0.0152072875555921,complete_case_refit
renal,xgboost,2015-2016,5279,570,combined_mec_weight,model0_core,model1_renal,0.002939430647147,0.012945639855794,0.0006244817439613,0.001745182548784,0.0605464807021924,0.0590653575175541,1.0864207706052027,1.080078286555652,0.0014811231846382,0.0063424840495507,complete_case_refit
renal,xgboost,2017-2018,5073,613,combined_mec_weight,model0_core,model1_renal,0.0015423731490337,0.0054070043740765,3.976857443274695e-05,0.0003365927341378,0.0028785362915465,0.0250425883464103,1.002444245122196,0.9994106150556832,-0.0221640520548637,0.0018548601778792,complete_case_refit
combined,elastic_net,2005-2006,1836,216,combined_fasting_weight,model0_paired_combined,model4_combined,0.0148754444963662,0.0501966610967811,0.002741281297062,0.0094846075388063,-0.0374520110084045,0.0186458212947044,0.9169226161188438,0.9781258590066744,0.0188061897137001,0.0612032428878304,main_fold_median
combined,elastic_net,2007-2008,2337,288,combined_fasting_weight,model0_paired_combined,model4_combined,0.0095683554904488,0.0193621061803624,0.001088465735984,0.0044336129145171,0.0853609644835697,0.0503961547853146,1.034723669788501,1.0221725867461966,0.034964809698255,0.0125510830423043,main_fold_median
combined,elastic_net,2009-2010,2594,273,combined_fasting_weight,model0_paired_combined,model4_combined,0.0052293467566936,0.0034121036996984,0.0005613712161819,0.0023157263317055,-0.1676307334190432,-0.1610416261780595,0.969397531589542,0.9569613279676338,0.0065891072409836,-0.0124362036219083,main_fold_median
combined,elastic_net,2011-2012,2294,239,combined_fasting_weight,model0_paired_combined,model4_combined,0.0066550482356013,0.0220154527550148,0.001501073556298,0.0041447253686093,-0.0436802548665805,-0.0200238946295165,0.9109750364633608,0.9122004420246544,0.0236563602370639,0.0012254055612934,main_fold_median
combined,elastic_net,2013-2014,2370,244,combined_fasting_weight,model0_paired_combined,model4_combined,0.0037145581308206,0.0184903933438426,0.0016141680773976,0.0033570709703926,0.1728778828919389,0.0875422888961142,1.1480926140439265,1.1188491241776124,0.0853355939958246,0.029243489866314,main_fold_median
combined,elastic_net,2015-2016,2246,266,combined_fasting_weight,model0_paired_combined,model4_combined,0.0089493203266123,0.0348716602826695,0.0016879092869769,0.0055396201717337,0.0689306530634278,0.1044041276479244,1.077394208457339,1.0871372055198714,-0.0354734745844965,-0.0097429970625324,main_fold_median
combined,elastic_net,2017-2018,2279,287,combined_fasting_weight,model0_paired_combined,model4_combined,0.0037426004951637,0.026567757519007,0.0005856394125219,0.0012108498845993,-0.1987602530811134,-0.2131894158640108,0.8858956257277596,0.8598981287074584,-0.0144291627828973,-0.0259974970203011,main_fold_median
combined,xgboost,2005-2006,1836,216,combined_fasting_weight,model0_paired_combined,model4_combined,0.0110291752791903,0.0582862390058723,0.0028321701627871,0.008647462568579,0.1921354460031971,0.2181327242859041,1.0130147382868349,1.0448695087750275,-0.025997278282707,-0.0318547704881928,main_fold_median
combined,xgboost,2007-2008,2337,288,combined_fasting_weight,model0_paired_combined,model4_combined,0.0074294471979361,0.0248375220932074,0.0014005074218821,0.0048152138696281,0.1957597819688072,0.2527511066962844,1.088887218492653,1.1068823233672438,-0.0569913247274771,-0.0179951048745907,main_fold_median
combined,xgboost,2009-2010,2594,273,combined_fasting_weight,model0_paired_combined,model4_combined,0.0037018130438218,-0.0187688528940825,-0.0003364556678396,0.0006245867054657,-0.0740257769947322,-0.169119459510066,1.0050442328410525,0.9360654246734932,-0.0950936825153338,-0.0588903424854545,main_fold_median
combined,xgboost,2011-2012,2294,239,combined_fasting_weight,model0_paired_combined,model4_combined,0.0058640582375216,0.0171485694299006,0.0010340450565971,0.0035654162968028,0.0256775573528528,0.061942753241165,0.929672086133239,0.9442606412169444,-0.0362651958883121,0.0145885550837052,main_fold_median
combined,xgboost,2013-2014,2370,244,combined_fasting_weight,model0_paired_combined,model4_combined,-0.0011211778806167,0.0296671757898243,0.0013613672562244,0.0019197711984326,0.0801830471691164,0.0039954514882803,1.1170008469740706,1.0889461193840153,0.0761875956808361,0.0280547275900553,main_fold_median
combined,xgboost,2015-2016,2246,266,combined_fasting_weight,model0_paired_combined,model4_combined,0.0072738745657456,0.0336000061796991,0.0015949181336032,0.0051470904968361,0.0293847133978575,0.1258605823652541,1.1004014630029793,1.1434170462061777,-0.0964758689673966,-0.0430155832031982,main_fold_median
combined,xgboost,2017-2018,2279,287,combined_fasting_weight,model0_paired_combined,model4_combined,-0.0081067536807025,-0.0018204377373001,-0.0014417637155636,-0.0057377784547072,-0.2660737058986587,-0.3742472545287988,0.8588814226538483,0.7831014805790433,-0.1081735486301401,-0.0757799420748049,main_fold_median
renal,elastic_net,2005-2006,4448,533,combined_mec_weight,model0_core,model1_renal,0.0046418054142439,0.024684182274646,0.0015217134883704,0.0041336814116645,0.1059471704405738,0.0968682150259723,0.9947416253587584,1.0125363301634642,0.0090789554146015,-0.0072779555222226,main_fold_median
renal,elastic_net,2007-2008,5649,677,combined_mec_weight,model0_core,model1_renal,0.0037861538481039,0.022436336395159,0.0010518435161586,0.0029070433599694,0.0694536225810092,0.076392169611588,1.0249267128685786,1.026515944215799,-0.0069385470305787,-0.0015892313472203,main_fold_median
renal,elastic_net,2009-2010,5990,646,combined_mec_weight,model0_core,model1_renal,0.0037137954296554,0.0013463576590094,0.0002819006059968,0.0013670895963004,-0.1685420313155057,-0.1760532850015135,0.9537351286056368,0.938582136380677,-0.0075112536860078,-0.0151529922249599,main_fold_median
renal,elastic_net,2011-2012,5260,550,combined_mec_weight,model0_core,model1_renal,0.0051694627894353,0.0251976691470655,0.0012357341747646,0.0035647707494809,-0.046631888996513,-0.0267213358427729,0.9539106390038112,0.9601564411194164,0.01991055315374,0.0062458021156052,main_fold_median
renal,elastic_net,2013-2014,5522,573,combined_mec_weight,model0_core,model1_renal,0.0066796834053932,0.0179165268054188,0.0013177920286472,0.004087794399938,-0.0458306735658907,-0.0433313579056661,0.9919471897383998,1.0091755372954163,0.0024993156602245,-0.0011227270338163,main_fold_median
renal,elastic_net,2015-2016,5404,597,combined_mec_weight,model0_core,model1_renal,0.0051359957379116,0.011889917387983,0.0006619465176565,0.0023598526604986,0.0233468793390478,0.0108504480541131,1.051649985296686,1.0354276245969531,0.0124964312849347,0.0162223606997327,main_fold_median
renal,elastic_net,2017-2018,5209,646,combined_mec_weight,model0_core,model1_renal,0.0021899034561523,0.0117944694600057,0.0002148962522229,0.0008415218173746,0.0030521736358594,0.0016971981283588,0.996529070884836,0.9840004741257558,0.0013549755075005,-0.0125285967590803,main_fold_median
renal,xgboost,2005-2006,4448,533,combined_mec_weight,model0_core,model1_renal,0.0028764217003445,0.0154991908220483,0.0015825039436733,0.0033171342473027,0.3468511733231409,0.1420062552069501,1.0914968823179605,1.0015878065308796,0.2048449181161908,0.0899090757870808,main_fold_median
renal,xgboost,2007-2008,5649,677,combined_mec_weight,model0_core,model1_renal,0.0017032643142094,0.0205958060592757,0.0008831172126543,0.0019450993761291,0.2212083510897919,0.2254947071665127,1.104812553275733,1.1037839752213274,-0.0042863560767207,0.0010285780544054,main_fold_median
renal,xgboost,2009-2010,5990,646,combined_mec_weight,model0_core,model1_renal,0.0018395386169134,-0.0039854751624918,9.026916308855354e-05,0.0005747934814631,-0.0438584459712324,-0.0655482908954945,1.0171474202076225,0.9911562778110752,-0.021689844924262,0.0083036980186976,main_fold_median
renal,xgboost,2011-2012,5260,550,combined_mec_weight,model0_core,model1_renal,0.003374370841032,0.0205422997208663,0.0007379659315942,0.0024529822684883,-0.0319978850096642,-0.0233913023014305,0.946170515642207,0.9556868178578825,0.0086065827082336,0.0095163022156753,main_fold_median
renal,xgboost,2013-2014,5522,573,combined_mec_weight,model0_core,model1_renal,0.0049588543271796,0.0032178250131638,0.0007717071085598,0.0026738723788826,-0.1563997569718704,-0.164223122336189,0.9440151005637388,0.956884838000046,-0.0078233653643186,0.0128697374363071,main_fold_median
renal,xgboost,2015-2016,5404,597,combined_mec_weight,model0_core,model1_renal,0.0024748602364177,0.0078341545755119,0.0003331097480706,0.0010810949436254,0.0141481790484977,0.0030167466500898,1.061405147115536,1.0473341650878103,0.0111314323984078,0.0140709820277256,main_fold_median
renal,xgboost,2017-2018,5209,646,combined_mec_weight,model0_core,model1_renal,0.0019031486526219,0.0079499405309175,0.0001298867534393,0.0007280935708355,0.000775584976356,0.027837428766819,1.0079333879078458,1.0095120407750413,-0.027061843790463,-0.0015786528671954,main_fold_median
combined,elastic_net,2005-2006,1836,216,combined_fasting_weight,model0_paired_combined,model4_combined,0.015194726506413,0.0534577329482012,0.0029229573465695,0.0098592542438931,-0.0374520110084037,0.0230035328281814,0.9169226161188448,0.9803039408101968,0.0144484781802222,0.0633813246913519,nested_multiple_imputation
combined,elastic_net,2007-2008,2337,288,combined_fasting_weight,model0_paired_combined,model4_combined,0.0098337344161977,0.0219482396239773,0.0011667906867166,0.0046602636549276,0.0853609644835705,0.0453302602329875,1.0347236697885025,1.0211851026656191,0.0400307042505829,0.0135385671228829,nested_multiple_imputation
combined,elastic_net,2009-2010,2594,273,combined_fasting_weight,model0_paired_combined,model4_combined,0.0054211566796468,0.0026416222127537,0.0005679259097062,0.0024057884339426,-0.1676307334190422,-0.156316151119022,0.9693975315895428,0.9584166274236774,0.0113145823000201,-0.0109809041658655,nested_multiple_imputation
combined,elastic_net,2011-2012,2294,239,combined_fasting_weight,model0_paired_combined,model4_combined,0.0068691740471465,0.0238663179590795,0.0016195039759734,0.004459685890074,-0.0436802548665809,-0.0195004149584615,0.9109750364633612,0.9128215216945332,0.0241798399081194,0.0018464852311718,nested_multiple_imputation
combined,elastic_net,2013-2014,2370,244,combined_fasting_weight,model0_paired_combined,model4_combined,0.0040522033474386,0.0192096376793344,0.0016036783038582,0.0034524104273561,0.1728778828919384,0.0890501330596547,1.148092614043927,1.120230308583534,0.0838277498322836,0.027862305460393,nested_multiple_imputation
combined,elastic_net,2015-2016,2246,266,combined_fasting_weight,model0_paired_combined,model4_combined,0.008990355509753,0.0342777478917878,0.0017103000175422,0.0055663653046423,0.0689306530634271,0.107385818337642,1.0773942084573394,1.0879932796979928,-0.0384551652742149,-0.0105990712406534,nested_multiple_imputation
combined,elastic_net,2017-2018,2279,287,combined_fasting_weight,model0_paired_combined,model4_combined,0.0036109964728573,0.0269766936243768,0.0005896891219502,0.001183646518191,-0.198760253081113,-0.2146409192237389,0.8858956257277604,0.8589871215090854,-0.0158806661426259,-0.0269085042186749,nested_multiple_imputation
combined,xgboost,2005-2006,1836,216,combined_fasting_weight,model0_paired_combined,model4_combined,0.0093130600318209,0.0601100024320215,0.0027930590112594,0.0081315522592293,0.1921354518804818,0.2063199204448094,1.0130147394699711,1.0403603395512269,-0.0141844685643276,-0.0273456000812557,nested_multiple_imputation
combined,xgboost,2007-2008,2337,288,combined_fasting_weight,model0_paired_combined,model4_combined,0.0070214118235726,0.0263072242250935,0.0014103156768276,0.0046539118725151,0.195759776935215,0.2432416582344024,1.0888872147794069,1.1037643971500648,-0.0474818812991874,-0.0148771823706579,nested_multiple_imputation
combined,xgboost,2009-2010,2594,273,combined_fasting_weight,model0_paired_combined,model4_combined,0.0027240817239621,-0.0177943101019979,-0.0004177261721921,0.0002450901958283,-0.0740257688265134,-0.1788518179287755,1.005044236431221,0.9318046090563084,-0.1048260491022621,-0.0631511545124704,nested_multiple_imputation
combined,xgboost,2011-2012,2294,239,combined_fasting_weight,model0_paired_combined,model4_combined,0.0062422722182371,0.022341811258881,0.0011823711630719,0.003871780837294,0.02567756042937,0.0669758247571018,0.9296720868938608,0.9459066338041292,-0.0412982643277318,0.0162345469102683,nested_multiple_imputation
combined,xgboost,2013-2014,2370,244,combined_fasting_weight,model0_paired_combined,model4_combined,-0.0009136420896823,0.0282726637919431,0.0012022327339994,0.0017111243035342,0.0801830595347681,0.0140603674595288,1.117000853618734,1.0922802011342467,0.0661226920752392,0.0247206524844871,nested_multiple_imputation
combined,xgboost,2015-2016,2246,266,combined_fasting_weight,model0_paired_combined,model4_combined,0.0087185275788478,0.034380234640005,0.0018057080661309,0.005847292235353,0.0293847162366266,0.1343224700651612,1.1004014635119594,1.1519285964427557,-0.1049377538285346,-0.0515271329307962,nested_multiple_imputation
combined,xgboost,2017-2018,2279,287,combined_fasting_weight,model0_paired_combined,model4_combined,-0.0070253889547275,0.0027382040206577,-0.0010649683853767,-0.0047211835156159,-0.2660737029183899,-0.3586019858695003,0.8588814231053581,0.7902735945800927,-0.0925282829511103,-0.0686078285252653,nested_multiple_imputation
renal,elastic_net,2005-2006,4448,533,combined_mec_weight,model0_core,model1_renal,0.0049663381069549,0.0271015747854169,0.001699480877016,0.0045315245239058,0.1059471704405748,0.1005555555238049,0.9947416253587597,1.0138038316484732,0.0053916149167698,-0.0085454570072328,nested_multiple_imputation
renal,elastic_net,2007-2008,5649,677,combined_mec_weight,model0_core,model1_renal,0.0044663726289243,0.0250248512094143,0.0011708206930233,0.0033018206025713,0.0694536225810107,0.0805447995713095,1.024926712868579,1.0296857567813693,-0.0110911769902987,-0.0047590439127902,nested_multiple_imputation
renal,elastic_net,2009-2010,5990,646,combined_mec_weight,model0_core,model1_renal,0.0037533810351303,0.0011776354697425,0.0002839881090977,0.0013848452384049,-0.1685420313155046,-0.1729671469296611,0.9537351286056378,0.9390873617840522,-0.0044251156141564,-0.0146477668215856,nested_multiple_imputation
renal,elastic_net,2011-2012,5260,550,combined_mec_weight,model0_core,model1_renal,0.0056388171945127,0.0263778297919498,0.0013314879625224,0.0038701774183234,-0.0466318889965126,-0.0229803720771239,0.953910639003812,0.9623354173787472,0.0236515169193886,0.0084247783749353,nested_multiple_imputation
renal,elastic_net,2013-2014,5522,573,combined_mec_weight,model0_core,model1_renal,0.0071684272410332,0.0196638837703146,0.0014010904105527,0.0043818708651513,-0.0458306735658895,-0.0390736208491949,0.9919471897384008,1.0118943191936474,0.0067570527166946,-0.0038415089320481,nested_multiple_imputation
renal,elastic_net,2015-2016,5404,597,combined_mec_weight,model0_core,model1_renal,0.0052100143354603,0.0119040730544904,0.000689156006378,0.0024153815465222,0.023346879339049,0.0111718048400119,1.051649985296687,1.0352091965821244,0.0121750744990371,0.0164407887145625,nested_multiple_imputation
renal,elastic_net,2017-2018,5209,646,combined_mec_weight,model0_core,model1_renal,0.002193539504083,0.0121315741679812,0.0002360589797216,0.0008637160211851,0.0030521736358603,-9.529508889041804e-05,0.9965290708848372,0.983001425553332,0.0029568785469699,-0.0135276453315051,nested_multiple_imputation
renal,xgboost,2005-2006,4448,533,combined_mec_weight,model0_core,model1_renal,0.0024310054633724,0.0202165731120365,0.0016327102870107,0.0033521466578159,0.3468511791392593,0.1501774750460824,1.0914968830926814,1.0062267640602962,0.1966737040931768,0.0852701190323852,nested_multiple_imputation
renal,xgboost,2007-2008,5649,677,combined_mec_weight,model0_core,model1_renal,0.0020354994692142,0.0232134827366508,0.0010333344231318,0.0022728152414043,0.2212083505528824,0.2290024618756525,1.1048125515694465,1.1072503757430088,-0.0077941113227701,-0.0024378241735623,nested_multiple_imputation
renal,xgboost,2009-2010,5990,646,combined_mec_weight,model0_core,model1_renal,0.0017710019381118,-0.0024789584759236,0.0001318192427885,0.0006480447780289,-0.0438584384975872,-0.0607917833005503,1.0171474218694927,0.9932327545239676,-0.016933344802963,0.0103801763934602,nested_multiple_imputation
renal,xgboost,2011-2012,5260,550,combined_mec_weight,model0_core,model1_renal,0.003973963804193,0.0244807462453807,0.0009045294862637,0.0028698322885247,-0.0319978825679706,-0.0129566879655722,0.9461705154658572,0.9611972361465918,0.0190411946023984,0.0150267206807345,nested_multiple_imputation
renal,xgboost,2013-2014,5522,573,combined_mec_weight,model0_core,model1_renal,0.00485526742161,0.0024903200959861,0.00077992081352,0.002666390506459,-0.1563997518039331,-0.1580541817645613,0.9440151024503048,0.9605554246835504,-0.0016544299606281,0.0165403222332456,nested_multiple_imputation
renal,xgboost,2015-2016,5404,597,combined_mec_weight,model0_core,model1_renal,0.0024468006415792,0.0108845997320541,0.0005076210500907,0.001437057415748,0.014148183319893,0.0056550470965394,1.0614051482404028,1.0487639806397395,0.0084931362233535,0.012641167600663,nested_multiple_imputation
renal,xgboost,2017-2018,5209,646,combined_mec_weight,model0_core,model1_renal,0.0014337242805779,0.0130404173037218,0.0001563075371735,0.0006151112713707,0.0007755859606321,0.0235440724488473,1.0079333868495517,1.0056446264320271,-0.0227684864882151,0.0022887604175243,nested_multiple_imputation
combined,elastic_net,2005-2006,1814,206,combined_fasting_weight_x_stabilized_uacr_ipw,model0_paired_combined,model4_combined,0.0151559078912639,0.051394093275174,0.0027045507376304,0.009492269895404,-0.0844193846451264,-0.0253516216502505,0.8984169983716737,0.959363739464953,0.0590677629948758,0.0609467410932793,stabilized_ipw_complete_case
combined,elastic_net,2007-2008,2295,273,combined_fasting_weight_x_stabilized_uacr_ipw,model0_paired_combined,model4_combined,0.0097247135550566,0.0208160828353667,0.0009472506921995,0.0041529958974729,0.0902036270643839,0.0386081474947494,1.0314214025368789,1.0130999205483344,0.0515954795696345,0.0183214819885444,stabilized_ipw_complete_case
combined,elastic_net,2009-2010,2567,262,combined_fasting_weight_x_stabilized_uacr_ipw,model0_paired_combined,model4_combined,0.004918577697595,0.0057127162049971,0.0005895170150414,0.0023031065969474,-0.1579770980766204,-0.1438768449829056,0.9708850067843178,0.9592774200020306,0.0141002530937147,-0.0116075867822871,stabilized_ipw_complete_case
combined,elastic_net,2011-2012,2273,229,combined_fasting_weight_x_stabilized_uacr_ipw,model0_paired_combined,model4_combined,0.006317435251272,0.0237087775887361,0.0014362458505983,0.0039678523037257,-0.0618265520401217,-0.0453056041935263,0.902705205040758,0.901572457059889,0.0165209478465953,-0.0011327479808689,stabilized_ipw_complete_case
combined,elastic_net,2013-2014,2342,236,combined_fasting_weight_x_stabilized_uacr_ipw,model0_paired_combined,model4_combined,0.0060648755176224,0.0241308455379111,0.0019609064200199,0.0045389094279903,0.1651187555394996,0.1047999116988417,1.1450872553631206,1.133774667294443,0.0603188438406579,0.0113125880686772,stabilized_ipw_complete_case
combined,elastic_net,2015-2016,2222,261,combined_fasting_weight_x_stabilized_uacr_ipw,model0_paired_combined,model4_combined,0.0087455192243143,0.0344693182554131,0.0017290237002245,0.0054432396726453,0.1397196903762714,0.1715401095407056,1.1213236461395122,1.1286591939164117,-0.0318204191644342,-0.0073355477768992,stabilized_ipw_complete_case
combined,elastic_net,2017-2018,2250,277,combined_fasting_weight_x_stabilized_uacr_ipw,model0_paired_combined,model4_combined,0.0017016651919226,0.0238500468157759,0.0002997753477957,0.0003152911758192,-0.1979559062061905,-0.223688685432792,0.88542470467012,0.8510613511537,-0.0257327792266014,-0.03436335351642,stabilized_ipw_complete_case
combined,xgboost,2005-2006,1814,206,combined_fasting_weight_x_stabilized_uacr_ipw,model0_paired_combined,model4_combined,0.0114560566819921,0.0584778728105274,0.0026760680429721,0.008773380952772,0.1334908201686832,0.1830712936020566,0.9867976861568244,1.0328174716854668,-0.0495804734333734,-0.0196151578422911,stabilized_ipw_complete_case
combined,xgboost,2007-2008,2295,273,combined_fasting_weight_x_stabilized_uacr_ipw,model0_paired_combined,model4_combined,0.0082679404835166,0.0283540025959596,0.0015084369867066,0.0051125628228635,0.1814541239936256,0.2545540917267055,1.0735509054925698,1.098591511215414,-0.0730999677330799,-0.025040605722844,stabilized_ipw_complete_case
combined,xgboost,2009-2010,2567,262,combined_fasting_weight_x_stabilized_uacr_ipw,model0_paired_combined,model4_combined,0.0046439346447705,-0.0101031898975711,-0.0003042307784374,0.0009684854917512,-0.0893988437954218,-0.1707188327121888,0.9938444508493663,0.9362819270575862,-0.0813199889167669,-0.0575625237917801,stabilized_ipw_complete_case
combined,xgboost,2011-2012,2273,229,combined_fasting_weight_x_stabilized_uacr_ipw,model0_paired_combined,model4_combined,0.0030232014490618,0.0134280718897857,0.0007115781888624,0.0020248547053934,0.023380495415028,0.0596473290835473,0.9268395668512938,0.9344352614263268,-0.0362668336685192,0.007595694575033,stabilized_ipw_complete_case
combined,xgboost,2013-2014,2342,236,combined_fasting_weight_x_stabilized_uacr_ipw,model0_paired_combined,model4_combined,0.0002814985721074,0.0370926232987182,0.0015542197656908,0.0029689816101039,0.1168383561790916,0.07310755833026,1.1345960390078598,1.1195247451580328,0.0437307978488315,0.0150712938498269,stabilized_ipw_complete_case
combined,xgboost,2015-2016,2222,261,combined_fasting_weight_x_stabilized_uacr_ipw,model0_paired_combined,model4_combined,0.0085767414933706,0.0329700183679632,0.0015815535017121,0.00506791311314,0.108618827986622,0.1810367319655748,1.1472892259080123,1.1784594779977682,-0.0724179039789528,-0.0311702520897556,stabilized_ipw_complete_case
combined,xgboost,2017-2018,2250,277,combined_fasting_weight_x_stabilized_uacr_ipw,model0_paired_combined,model4_combined,-0.0054520763419693,0.0115689798567575,-0.0010629834950033,-0.0041654433898947,-0.2910982430423752,-0.3780269157240878,0.8427893909990376,0.7791340122868238,-0.0869286726817125,-0.0636553787122138,stabilized_ipw_complete_case
renal,elastic_net,2005-2006,4305,495,combined_mec_weight_x_stabilized_uacr_ipw,model0_core,model1_renal,0.0037919414663707,0.0233177290041257,0.001483250707036,0.003826842732046,0.1294781795942767,0.0929444450639667,1.0037591764161842,1.0108111637957633,0.0365337345303099,-0.0070519873795791,stabilized_ipw_complete_case
renal,elastic_net,2007-2008,5467,626,combined_mec_weight_x_stabilized_uacr_ipw,model0_core,model1_renal,0.0047139096848142,0.0266643844098831,0.0012570897111232,0.003495968878371,0.0365300828160807,0.0486270967982415,1.0122167532375417,1.0171446730243938,-0.0120970139821607,-0.0049279197868523,stabilized_ipw_complete_case
renal,elastic_net,2009-2010,5860,617,combined_mec_weight_x_stabilized_uacr_ipw,model0_core,model1_renal,0.0036002736214906,0.001974742975241,0.000270270435232,0.0013080645183737,-0.1533965662393906,-0.1609176642584616,0.9545614237444602,0.937507041948222,-0.0075210980190709,-0.017054381796238,stabilized_ipw_complete_case
renal,elastic_net,2011-2012,5143,515,combined_mec_weight_x_stabilized_uacr_ipw,model0_core,model1_renal,0.0061933119868323,0.0272297286229962,0.0012902899497802,0.0039418711279034,-0.0849204547227777,-0.0579399015667028,0.942271190235668,0.9522274798318572,0.0269805531560748,0.0099562895961892,stabilized_ipw_complete_case
renal,elastic_net,2013-2014,5403,543,combined_mec_weight_x_stabilized_uacr_ipw,model0_core,model1_renal,0.0075771929145204,0.0184737444999276,0.0013590762566226,0.0043980628156079,-0.0542257737918802,-0.0431621340394399,0.9881433143930732,1.010956430336532,0.0110636397524402,0.0009002552703947,stabilized_ipw_complete_case
renal,elastic_net,2015-2016,5279,570,combined_mec_weight_x_stabilized_uacr_ipw,model0_core,model1_renal,0.0052807761284535,0.0134381258982118,0.0007317048636476,0.0024849622435094,0.0606172749508691,0.0509120512561911,1.0734995852193194,1.0566145942653256,0.009705223694678,0.0168849909539938,stabilized_ipw_complete_case
renal,elastic_net,2017-2018,5073,613,combined_mec_weight_x_stabilized_uacr_ipw,model0_core,model1_renal,0.001779878962262,0.0116612464543355,0.0001885832298342,0.0006544089946362,0.0056567003482903,0.004128618522296,0.9915779696324484,0.9785927671719872,0.0015280818259943,-0.0129852024604613,stabilized_ipw_complete_case
renal,xgboost,2005-2006,4305,495,combined_mec_weight_x_stabilized_uacr_ipw,model0_core,model1_renal,0.0048238903351097,0.0169125596504838,0.0014743989209305,0.0040501953814383,0.3494446670899409,0.156162563631196,1.0904908896201082,1.0105032020611846,0.1932821034587448,0.0799876875589236,stabilized_ipw_complete_case
renal,xgboost,2007-2008,5467,626,combined_mec_weight_x_stabilized_uacr_ipw,model0_core,model1_renal,0.0014429584510029,0.0241633037929383,0.0011225028840293,0.0022816335815293,0.1944746930731398,0.1976102981087138,1.0902698380269609,1.0917963452109316,-0.0031356050355739,-0.0015265071839707,stabilized_ipw_complete_case
renal,xgboost,2009-2010,5860,617,combined_mec_weight_x_stabilized_uacr_ipw,model0_core,model1_renal,0.0029882320293834,-0.0023213795708348,-1.8656215096606032e-05,0.0006518338336863,-0.0424775055772173,-0.0489111402790588,1.0087780824184354,0.9907433792739292,-0.0064336347018415,-0.0004785383076354,stabilized_ipw_complete_case
renal,xgboost,2011-2012,5143,515,combined_mec_weight_x_stabilized_uacr_ipw,model0_core,model1_renal,0.0052043776603092,0.0241007862790844,0.0008716207235302,0.0031751769266824,-0.0755761667352002,-0.0563330757451588,0.9285217260273416,0.9456273215652192,0.0192430909900414,0.0171055955378777,stabilized_ipw_complete_case
renal,xgboost,2013-2014,5403,543,combined_mec_weight_x_stabilized_uacr_ipw,model0_core,model1_renal,0.0051098669745822,0.0038688788916194,0.0007611522918943,0.0027466169987394,-0.1864518960235197,-0.1799916115386213,0.9318454563073766,0.9512527462722262,0.0064602844848983,0.0194072899648496,stabilized_ipw_complete_case
renal,xgboost,2015-2016,5279,570,combined_mec_weight_x_stabilized_uacr_ipw,model0_core,model1_renal,0.0033392657159142,0.0128141178945628,0.0006705023208546,0.0019457845856283,0.05483486591937,0.0596239166663977,1.0823478375056763,1.0799175755111745,-0.0047890507470277,0.0024302619945018,stabilized_ipw_complete_case
renal,xgboost,2017-2018,5073,613,combined_mec_weight_x_stabilized_uacr_ipw,model0_core,model1_renal,0.0012277528044133,0.0061776707181559,6.806653062026158e-05,0.0003455336142756,-0.0028194489434666,0.0216235717947865,1.0004247945733742,0.997244934536844,-0.0188041228513199,-0.0023302708897817,stabilized_ipw_complete_case
