analytic_name,plain_text_formula,mathematical_expression,input_variables,unit,handling_rule
cvd,"CVD=1 if any observed component is yes; CVD=0 if no observed component is yes and at least one component is observed.",I(any observed MCQ160B-F == 1); otherwise 0 when at least one is observed,MCQ160B; MCQ160C; MCQ160D; MCQ160E; MCQ160F,binary,"All-five-missing records are excluded; a strict sensitivity requires all five components observed and negative for noncase status; outcome components never enter predictors."
triglycerides_harmonized,Use LBXTR in 2005-2018; convert 2021-2023 LBXTLG to old LBXTR scale using CDC backward equation.,TG=LBXTR for 2005-2018; TG=-12.19+0.9785*LBXTLG for 2021-2023,LBXTR; LBXTLG,mg/dL,Values <=0 invalid for TyG; fasting subsample required.
tyg_index,Natural log of triglycerides times fasting glucose divided by 2.,ln[TG(mg/dL) * fasting glucose(mg/dL) / 2],triglycerides_harmonized; LBXGLU,index,Require TG>0 and glucose>0.
tyg_wc,TyG index multiplied by waist circumference.,ln[TG*glucose/2] * waist(cm),triglycerides_harmonized; LBXGLU; BMXWAIST,index-cm,Fasting-core sample; no outcome-driven cutoff selection.
siri,"Systemic inflammation response index from absolute neutrophil, monocyte, and lymphocyte counts.",neutrophil_abs * monocyte_abs / lymphocyte_abs,LBDNENO; LBDMONO; LBDLYMNO,derived hematologic index,"Require lymphocyte_abs>0; use absolute counts; if absolute count missing, derive from WBC and percentages only as documented."
egfr,"CKD-EPI 2021 race-free creatinine equation, matching original project code.","142*min(Scr/k,1)^alpha*max(Scr/k,1)^-1.2*0.9938^age*(1.012 if female)",LBXSCR; RIDAGEYR; RIAGENDR,mL/min/1.73 m2,"Require Scr>0, age non-missing, sex non-missing; no race coefficient."
uacr,Use NHANES direct URDACT where available; otherwise calculate urine albumin divided by urine creatinine times 100.,URDACT or URXUMA/URXUCR*100,URDACT; URXUMA; URXUCR,mg/g,Use reported NHANES values including LLOD/sqrt(2) fill values; log2 transform only if UACR>0.
log2_uacr,Base-2 logarithm of UACR.,log2(UACR),uacr,per doubling,Allowed only because audited valid UACR values are >0.
kdigo_albuminuria,KDIGO albuminuria categories.,A1 <30 mg/g; A2 30-300 mg/g; A3 >300 mg/g,uacr,category,Used for descriptive/sensitivity analysis; not selected by outcome result.
