analysis,analysis_context,analytic_weight,source_weight,development_cycle_divisor,rationale,strata,psu,ml_case_weight_scaling,survey_model_note
Model 0 Core clinical,domain-specific analysis,combined_mec_weight,WTMEC2YR,7,MEC-based predictors; no fasting biomarker required,SDMVSTRA,SDMVPSU,"Within each training fold, normalize positive raw analysis weights to mean 1 while preserving relative weights.","Machine-learning sample_weight is not a full complex survey model; descriptive and association analyses must use weight, strata, and PSU."
Model 1 Renal,domain-specific analysis,combined_mec_weight,WTMEC2YR,7,UACR and creatinine audited as MEC/lab variables; no fasting requirement,SDMVSTRA,SDMVPSU,"Within each training fold, normalize positive raw analysis weights to mean 1 while preserving relative weights.","Machine-learning sample_weight is not a full complex survey model; descriptive and association analyses must use weight, strata, and PSU."
Model 2 Metabolic,domain-specific analysis,combined_fasting_weight,WTSAF2YR,7,TyG-WC requires fasting glucose and fasting triglycerides,SDMVSTRA,SDMVPSU,"Within each training fold, normalize positive raw analysis weights to mean 1 while preserving relative weights.","Machine-learning sample_weight is not a full complex survey model; descriptive and association analyses must use weight, strata, and PSU."
Model 3 Inflammatory,domain-specific analysis,combined_mec_weight,WTMEC2YR,7,CBC-based SIRI uses WTMEC2YR in 2005-2018 and WTPH2YR in the separate 2021-2023 assessment,SDMVSTRA,SDMVPSU,"Within each training fold, normalize positive raw analysis weights to mean 1 while preserving relative weights.","Machine-learning sample_weight is not a full complex survey model; descriptive and association analyses must use weight, strata, and PSU."
Model 4 Combined biomarkers,domain-specific analysis,combined_fasting_weight,WTSAF2YR,7,"Combined model includes TyG-WC, so fasting subsample weight is the limiting weight",SDMVSTRA,SDMVPSU,"Within each training fold, normalize positive raw analysis weights to mean 1 while preserving relative weights.","Machine-learning sample_weight is not a full complex survey model; descriptive and association analyses must use weight, strata, and PSU."
Core vs Renal comparison,paired incremental comparison,combined_mec_weight,WTMEC2YR,7,Both models evaluated in the same renal comparison sample,SDMVSTRA,SDMVPSU,"Within each training fold, normalize positive raw analysis weights to mean 1 while preserving relative weights.","Machine-learning sample_weight is not a full complex survey model; descriptive and association analyses must use weight, strata, and PSU."
Core vs Metabolic comparison,paired incremental comparison,combined_fasting_weight,WTSAF2YR,7,Both models evaluated in the same fasting metabolic comparison sample,SDMVSTRA,SDMVPSU,"Within each training fold, normalize positive raw analysis weights to mean 1 while preserving relative weights.","Machine-learning sample_weight is not a full complex survey model; descriptive and association analyses must use weight, strata, and PSU."
Core vs Combined comparison,paired incremental comparison,combined_fasting_weight,WTSAF2YR,7,Both models evaluated in the same combined biomarker comparison sample,SDMVSTRA,SDMVPSU,"Within each training fold, normalize positive raw analysis weights to mean 1 while preserving relative weights.","Machine-learning sample_weight is not a full complex survey model; descriptive and association analyses must use weight, strata, and PSU."
Temporal assessment 2021-2023,post-audit corrected temporal assessment,cycle-specific phlebotomy or fasting weight,WTPH2YR or WTSAF2YR,1,"Use WTPH2YR for Models 0, 1, and 3 and WTSAF2YR for Models 2 and 4; no multi-cycle divisor",SDMVSTRA,SDMVPSU,"Within each training fold, normalize positive raw analysis weights to mean 1 while preserving relative weights.","Machine-learning sample_weight is not a full complex survey model; descriptive and association analyses must use weight, strata, and PSU."
