comparison,algorithm,scope,n,events,core_model,extended_model,weight_variable,strategy,threshold_probability,net_benefit,bootstrap_se,ci_lower,ci_upper,valid_replicates,ci_level,ci_method
combined,elastic_net,pooled_2005_2018,15956,1813,model0_paired_combined,model4_combined,combined_fasting_weight,core_model,0.01,0.0832599367140091,0.0033947665351971,0.0765199927078436,0.0898247861808186,2000,0.95,survey_Rao_Wu_percentile
combined,elastic_net,pooled_2005_2018,15956,1813,model0_paired_combined,model4_combined,combined_fasting_weight,extended_minus_core,0.01,-3.0073656477405675e-05,0.000146568215901,-0.0003133017636035,0.0002323314543649,2000,0.95,survey_Rao_Wu_percentile
combined,elastic_net,pooled_2005_2018,15956,1813,model0_paired_combined,model4_combined,combined_fasting_weight,extended_model,0.01,0.0832298630575317,0.0033779222713325,0.076470526838831,0.0897381140118727,2000,0.95,survey_Rao_Wu_percentile
combined,elastic_net,pooled_2005_2018,15956,1813,model0_paired_combined,model4_combined,combined_fasting_weight,treat_all,0.01,0.0826874123917352,0.0033952767200454,0.075894077388524,0.0893013095566256,2000,0.95,survey_Rao_Wu_percentile
combined,elastic_net,pooled_2005_2018,15956,1813,model0_paired_combined,model4_combined,combined_fasting_weight,treat_none,0.01,0.0,0.0,0.0,0.0,2000,0.95,survey_Rao_Wu_percentile
combined,elastic_net,pooled_2005_2018,15956,1813,model0_paired_combined,model4_combined,combined_fasting_weight,core_model,0.02,0.0770791370675899,0.0033576352444686,0.0704281992831071,0.0835515736134521,2000,0.95,survey_Rao_Wu_percentile
combined,elastic_net,pooled_2005_2018,15956,1813,model0_paired_combined,model4_combined,combined_fasting_weight,extended_minus_core,0.02,-0.0002894897341065,0.0003208868178322,-0.0009047037753618,0.0003133538832604,2000,0.95,survey_Rao_Wu_percentile
combined,elastic_net,pooled_2005_2018,15956,1813,model0_paired_combined,model4_combined,combined_fasting_weight,extended_model,0.02,0.0767896473334834,0.0033431228651828,0.0702870087556869,0.0832171970091861,2000,0.95,survey_Rao_Wu_percentile
combined,elastic_net,pooled_2005_2018,15956,1813,model0_paired_combined,model4_combined,combined_fasting_weight,treat_all,0.02,0.0733270798651203,0.0034299224008622,0.0664644251169784,0.0800084657765912,2000,0.95,survey_Rao_Wu_percentile
combined,elastic_net,pooled_2005_2018,15956,1813,model0_paired_combined,model4_combined,combined_fasting_weight,treat_none,0.02,0.0,0.0,0.0,0.0,2000,0.95,survey_Rao_Wu_percentile
combined,elastic_net,pooled_2005_2018,15956,1813,model0_paired_combined,model4_combined,combined_fasting_weight,core_model,0.03,0.0714877371058449,0.0032510916481387,0.0651018753009089,0.0777681272416822,2000,0.95,survey_Rao_Wu_percentile
combined,elastic_net,pooled_2005_2018,15956,1813,model0_paired_combined,model4_combined,combined_fasting_weight,extended_minus_core,0.03,0.0006365824344731,0.000443694681824,-0.0002288809048796,0.0015030832171656,2000,0.95,survey_Rao_Wu_percentile
combined,elastic_net,pooled_2005_2018,15956,1813,model0_paired_combined,model4_combined,combined_fasting_weight,extended_model,0.03,0.0721243195403181,0.0032443079780505,0.0657185099698322,0.0784192068702956,2000,0.95,survey_Rao_Wu_percentile
combined,elastic_net,pooled_2005_2018,15956,1813,model0_paired_combined,model4_combined,combined_fasting_weight,treat_all,0.03,0.0637737507915648,0.0034652824256133,0.0568403470254008,0.0705240169701643,2000,0.95,survey_Rao_Wu_percentile
combined,elastic_net,pooled_2005_2018,15956,1813,model0_paired_combined,model4_combined,combined_fasting_weight,treat_none,0.03,0.0,0.0,0.0,0.0,2000,0.95,survey_Rao_Wu_percentile
combined,elastic_net,pooled_2005_2018,15956,1813,model0_paired_combined,model4_combined,combined_fasting_weight,core_model,0.04,0.0663773885833119,0.0031155845611452,0.0603437353876867,0.0723465255110226,2000,0.95,survey_Rao_Wu_percentile
combined,elastic_net,pooled_2005_2018,15956,1813,model0_paired_combined,model4_combined,combined_fasting_weight,extended_minus_core,0.04,0.0009598911378841,0.0004897801206536,3.5939117630516584e-05,0.0019540629939079,2000,0.95,survey_Rao_Wu_percentile
combined,elastic_net,pooled_2005_2018,15956,1813,model0_paired_combined,model4_combined,combined_fasting_weight,extended_model,0.04,0.067337279721196,0.0031359297528753,0.0611444345204431,0.07334768071885,2000,0.95,survey_Rao_Wu_percentile
combined,elastic_net,pooled_2005_2018,15956,1813,model0_paired_combined,model4_combined,combined_fasting_weight,treat_all,0.04,0.0540213940289769,0.0035013791175468,0.0470157673069154,0.0608419754802701,2000,0.95,survey_Rao_Wu_percentile
combined,elastic_net,pooled_2005_2018,15956,1813,model0_paired_combined,model4_combined,combined_fasting_weight,treat_none,0.04,0.0,0.0,0.0,0.0,2000,0.95,survey_Rao_Wu_percentile
combined,elastic_net,pooled_2005_2018,15956,1813,model0_paired_combined,model4_combined,combined_fasting_weight,core_model,0.05,0.0630521796377041,0.0030739179970622,0.056980552962295,0.0690057080483193,2000,0.95,survey_Rao_Wu_percentile
combined,elastic_net,pooled_2005_2018,15956,1813,model0_paired_combined,model4_combined,combined_fasting_weight,extended_minus_core,0.05,0.0008133238501475,0.0005483148710356,-0.0002226751967798,0.001880898835459,2000,0.95,survey_Rao_Wu_percentile
combined,elastic_net,pooled_2005_2018,15956,1813,model0_paired_combined,model4_combined,combined_fasting_weight,extended_model,0.05,0.0638655034878516,0.0031168752211116,0.0577806693427654,0.069998579204853,2000,0.95,survey_Rao_Wu_percentile
combined,elastic_net,pooled_2005_2018,15956,1813,model0_paired_combined,model4_combined,combined_fasting_weight,treat_all,0.05,0.0440637244924398,0.0035382357398368,0.0369843543311988,0.0509561015379572,2000,0.95,survey_Rao_Wu_percentile
combined,elastic_net,pooled_2005_2018,15956,1813,model0_paired_combined,model4_combined,combined_fasting_weight,treat_none,0.05,0.0,0.0,0.0,0.0,2000,0.95,survey_Rao_Wu_percentile
combined,elastic_net,pooled_2005_2018,15956,1813,model0_paired_combined,model4_combined,combined_fasting_weight,core_model,0.06,0.0593664641271455,0.003071852935657,0.0533548753840127,0.0654715983021765,2000,0.95,survey_Rao_Wu_percentile
combined,elastic_net,pooled_2005_2018,15956,1813,model0_paired_combined,model4_combined,combined_fasting_weight,extended_minus_core,0.06,0.0010176823861009,0.0006590194430041,-0.0002255397010889,0.0023422041939556,2000,0.95,survey_Rao_Wu_percentile
combined,elastic_net,pooled_2005_2018,15956,1813,model0_paired_combined,model4_combined,combined_fasting_weight,extended_model,0.06,0.0603841465132465,0.0030368500114938,0.0544268621462574,0.0663151338825681,2000,0.95,survey_Rao_Wu_percentile
combined,elastic_net,pooled_2005_2018,15956,1813,model0_paired_combined,model4_combined,combined_fasting_weight,treat_all,0.06,0.0338941896466147,0.0035758765455797,0.0267395070368498,0.0408598898521908,2000,0.95,survey_Rao_Wu_percentile
combined,elastic_net,pooled_2005_2018,15956,1813,model0_paired_combined,model4_combined,combined_fasting_weight,treat_none,0.06,0.0,0.0,0.0,0.0,2000,0.95,survey_Rao_Wu_percentile
combined,elastic_net,pooled_2005_2018,15956,1813,model0_paired_combined,model4_combined,combined_fasting_weight,core_model,0.07,0.0564406829582126,0.0030365728218908,0.050462596369359,0.0624632169054573,2000,0.95,survey_Rao_Wu_percentile
combined,elastic_net,pooled_2005_2018,15956,1813,model0_paired_combined,model4_combined,combined_fasting_weight,extended_minus_core,0.07,3.5762306752867845e-05,0.0006472101591368,-0.0012346627571764,0.001331757067088,2000,0.95,survey_Rao_Wu_percentile
combined,elastic_net,pooled_2005_2018,15956,1813,model0_paired_combined,model4_combined,combined_fasting_weight,extended_model,0.07,0.0564764452649654,0.003068499077421,0.0504873965790983,0.0624432333955423,2000,0.95,survey_Rao_Wu_percentile
combined,elastic_net,pooled_2005_2018,15956,1813,model0_paired_combined,model4_combined,combined_fasting_weight,treat_all,0.07,0.0235059551266858,0.0036143268310161,0.0162743404458482,0.0305465553344724,2000,0.95,survey_Rao_Wu_percentile
combined,elastic_net,pooled_2005_2018,15956,1813,model0_paired_combined,model4_combined,combined_fasting_weight,treat_none,0.07,0.0,0.0,0.0,0.0,2000,0.95,survey_Rao_Wu_percentile
combined,elastic_net,pooled_2005_2018,15956,1813,model0_paired_combined,model4_combined,combined_fasting_weight,core_model,0.08,0.0537421615251378,0.0029843498492756,0.0478844677478594,0.059638004416108,2000,0.95,survey_Rao_Wu_percentile
combined,elastic_net,pooled_2005_2018,15956,1813,model0_paired_combined,model4_combined,combined_fasting_weight,extended_minus_core,0.08,-0.0002534759310582,0.0007092520116861,-0.0016377293765924,0.0010755573066293,2000,0.95,survey_Rao_Wu_percentile
combined,elastic_net,pooled_2005_2018,15956,1813,model0_paired_combined,model4_combined,combined_fasting_weight,extended_model,0.08,0.0534886855940796,0.0029338057661454,0.0477755461907222,0.0590834121130124,2000,0.95,survey_Rao_Wu_percentile
combined,elastic_net,pooled_2005_2018,15956,1813,model0_paired_combined,model4_combined,combined_fasting_weight,treat_all,0.08,0.0128918894215411,0.0036536129922228,0.0055816702333031,0.0200090178924558,2000,0.95,survey_Rao_Wu_percentile
combined,elastic_net,pooled_2005_2018,15956,1813,model0_paired_combined,model4_combined,combined_fasting_weight,treat_none,0.08,0.0,0.0,0.0,0.0,2000,0.95,survey_Rao_Wu_percentile
combined,elastic_net,pooled_2005_2018,15956,1813,model0_paired_combined,model4_combined,combined_fasting_weight,core_model,0.09,0.051216473016828,0.0029515406453887,0.0454541280314499,0.0570559024637229,2000,0.95,survey_Rao_Wu_percentile
combined,elastic_net,pooled_2005_2018,15956,1813,model0_paired_combined,model4_combined,combined_fasting_weight,extended_minus_core,0.09,-8.377203142385936e-05,0.0007277067022018,-0.0014978241926369,0.0013320249017151,2000,0.95,survey_Rao_Wu_percentile
combined,elastic_net,pooled_2005_2018,15956,1813,model0_paired_combined,model4_combined,combined_fasting_weight,extended_model,0.09,0.0511327009854041,0.0028172691665575,0.0456159254960639,0.0565027604512852,2000,0.95,survey_Rao_Wu_percentile
combined,elastic_net,pooled_2005_2018,15956,1813,model0_paired_combined,model4_combined,combined_fasting_weight,treat_all,0.09,0.0020445475470526,0.0036937625855439,-0.005346003720177,0.0092398862209443,2000,0.95,survey_Rao_Wu_percentile
combined,elastic_net,pooled_2005_2018,15956,1813,model0_paired_combined,model4_combined,combined_fasting_weight,treat_none,0.09,0.0,0.0,0.0,0.0,2000,0.95,survey_Rao_Wu_percentile
combined,elastic_net,pooled_2005_2018,15956,1813,model0_paired_combined,model4_combined,combined_fasting_weight,core_model,0.1,0.0484681978432017,0.0028592806577593,0.0428377026950796,0.0540031471835111,2000,0.95,survey_Rao_Wu_percentile
combined,elastic_net,pooled_2005_2018,15956,1813,model0_paired_combined,model4_combined,combined_fasting_weight,extended_minus_core,0.1,9.0277028968494e-05,0.0007427618688278,-0.0012927783551986,0.0015326934867573,2000,0.95,survey_Rao_Wu_percentile
combined,elastic_net,pooled_2005_2018,15956,1813,model0_paired_combined,model4_combined,combined_fasting_weight,extended_model,0.1,0.0485584748721702,0.0027953168871723,0.0430319618779548,0.0539955640387073,2000,0.95,survey_Rao_Wu_percentile
combined,elastic_net,pooled_2005_2018,15956,1813,model0_paired_combined,model4_combined,combined_fasting_weight,treat_all,0.1,-0.0090438463690912,0.0037348043920499,-0.0165165148726234,-0.0017685594877118,2000,0.95,survey_Rao_Wu_percentile
combined,elastic_net,pooled_2005_2018,15956,1813,model0_paired_combined,model4_combined,combined_fasting_weight,treat_none,0.1,0.0,0.0,0.0,0.0,2000,0.95,survey_Rao_Wu_percentile
combined,elastic_net,pooled_2005_2018,15956,1813,model0_paired_combined,model4_combined,combined_fasting_weight,core_model,0.11,0.0459135518757098,0.0028245046613579,0.040230159105868,0.051328494014514,2000,0.95,survey_Rao_Wu_percentile
combined,elastic_net,pooled_2005_2018,15956,1813,model0_paired_combined,model4_combined,combined_fasting_weight,extended_minus_core,0.11,9.385582064264791e-05,0.0007929878028971,-0.0013600778098475,0.001717522120268,2000,0.95,survey_Rao_Wu_percentile
combined,elastic_net,pooled_2005_2018,15956,1813,model0_paired_combined,model4_combined,combined_fasting_weight,extended_model,0.11,0.0460074076963525,0.0027261668725357,0.0405844159722696,0.0512232789013641,2000,0.95,survey_Rao_Wu_percentile
combined,elastic_net,pooled_2005_2018,15956,1813,model0_paired_combined,model4_combined,combined_fasting_weight,treat_all,0.11,-0.0203814176766091,0.0037767684863426,-0.0279380487475967,-0.0130243859988096,2000,0.95,survey_Rao_Wu_percentile
combined,elastic_net,pooled_2005_2018,15956,1813,model0_paired_combined,model4_combined,combined_fasting_weight,treat_none,0.11,0.0,0.0,0.0,0.0,2000,0.95,survey_Rao_Wu_percentile
combined,elastic_net,pooled_2005_2018,15956,1813,model0_paired_combined,model4_combined,combined_fasting_weight,core_model,0.12,0.0427786175259546,0.0026973456840172,0.0373922705681566,0.0480045725686118,2000,0.95,survey_Rao_Wu_percentile
combined,elastic_net,pooled_2005_2018,15956,1813,model0_paired_combined,model4_combined,combined_fasting_weight,extended_minus_core,0.12,0.0004732619986338,0.0008325046504068,-0.0011171366836102,0.0021403615872029,2000,0.95,survey_Rao_Wu_percentile
combined,elastic_net,pooled_2005_2018,15956,1813,model0_paired_combined,model4_combined,combined_fasting_weight,extended_model,0.12,0.0432518795245885,0.0027289928179821,0.0378160274979842,0.0483551320440713,2000,0.95,survey_Rao_Wu_percentile
combined,elastic_net,pooled_2005_2018,15956,1813,model0_paired_combined,model4_combined,combined_fasting_weight,treat_all,0.12,-0.0319766610592978,0.0038196863100511,-0.0396191629379103,-0.0245360267487961,2000,0.95,survey_Rao_Wu_percentile
combined,elastic_net,pooled_2005_2018,15956,1813,model0_paired_combined,model4_combined,combined_fasting_weight,treat_none,0.12,0.0,0.0,0.0,0.0,2000,0.95,survey_Rao_Wu_percentile
combined,elastic_net,pooled_2005_2018,15956,1813,model0_paired_combined,model4_combined,combined_fasting_weight,core_model,0.13,0.0404005004293014,0.0025386402740813,0.0353983808347796,0.0451848300371669,2000,0.95,survey_Rao_Wu_percentile
combined,elastic_net,pooled_2005_2018,15956,1813,model0_paired_combined,model4_combined,combined_fasting_weight,extended_minus_core,0.13,0.0008413359000228,0.0007015592417378,-0.0004590086789251,0.0022435608462877,2000,0.95,survey_Rao_Wu_percentile
combined,elastic_net,pooled_2005_2018,15956,1813,model0_paired_combined,model4_combined,combined_fasting_weight,extended_model,0.13,0.0412418363293243,0.0026275611455637,0.0361834352487278,0.0462639050203747,2000,0.95,survey_Rao_Wu_percentile
combined,elastic_net,pooled_2005_2018,15956,1813,model0_paired_combined,model4_combined,combined_fasting_weight,treat_all,0.13,-0.0438384617611288,0.0038635907503965,-0.0515688084889208,-0.0363123029183225,2000,0.95,survey_Rao_Wu_percentile
combined,elastic_net,pooled_2005_2018,15956,1813,model0_paired_combined,model4_combined,combined_fasting_weight,treat_none,0.13,0.0,0.0,0.0,0.0,2000,0.95,survey_Rao_Wu_percentile
combined,elastic_net,pooled_2005_2018,15956,1813,model0_paired_combined,model4_combined,combined_fasting_weight,core_model,0.14,0.0382182392610053,0.0025509853186876,0.0331917368313249,0.0430434022045055,2000,0.95,survey_Rao_Wu_percentile
combined,elastic_net,pooled_2005_2018,15956,1813,model0_paired_combined,model4_combined,combined_fasting_weight,extended_minus_core,0.14,0.0016437940790603,0.0007603496508257,0.0002160376134275,0.0031428574599289,2000,0.95,survey_Rao_Wu_percentile
combined,elastic_net,pooled_2005_2018,15956,1813,model0_paired_combined,model4_combined,combined_fasting_weight,extended_model,0.14,0.0398620333400656,0.0025659592450444,0.0348479178557512,0.044745081115294,2000,0.95,survey_Rao_Wu_percentile
combined,elastic_net,pooled_2005_2018,15956,1813,model0_paired_combined,model4_combined,combined_fasting_weight,treat_all,0.14,-0.055976118293235,0.0039085162242383,-0.0637963527736757,-0.0483624459755123,2000,0.95,survey_Rao_Wu_percentile
combined,elastic_net,pooled_2005_2018,15956,1813,model0_paired_combined,model4_combined,combined_fasting_weight,treat_none,0.14,0.0,0.0,0.0,0.0,2000,0.95,survey_Rao_Wu_percentile
combined,elastic_net,pooled_2005_2018,15956,1813,model0_paired_combined,model4_combined,combined_fasting_weight,core_model,0.15,0.0366043002484379,0.0025310676653161,0.0315646820099472,0.0413897271885975,2000,0.95,survey_Rao_Wu_percentile
combined,elastic_net,pooled_2005_2018,15956,1813,model0_paired_combined,model4_combined,combined_fasting_weight,extended_minus_core,0.15,0.0015046944257959,0.0007965984896102,2.323346648746563e-05,0.0031036109550881,2000,0.95,survey_Rao_Wu_percentile
combined,elastic_net,pooled_2005_2018,15956,1813,model0_paired_combined,model4_combined,combined_fasting_weight,extended_model,0.15,0.0381089946742339,0.0024829081744975,0.0331829352619377,0.0427185280737468,2000,0.95,survey_Rao_Wu_percentile
combined,elastic_net,pooled_2005_2018,15956,1813,model0_paired_combined,model4_combined,combined_fasting_weight,treat_all,0.15,-0.0683993667437437,0.0039544987680529,-0.0763116039827778,-0.0606961218105183,2000,0.95,survey_Rao_Wu_percentile
combined,elastic_net,pooled_2005_2018,15956,1813,model0_paired_combined,model4_combined,combined_fasting_weight,treat_none,0.15,0.0,0.0,0.0,0.0,2000,0.95,survey_Rao_Wu_percentile
combined,elastic_net,pooled_2005_2018,15956,1813,model0_paired_combined,model4_combined,combined_fasting_weight,core_model,0.16,0.0347566853522773,0.0025104046493687,0.0297790252971609,0.0394181475596168,2000,0.95,survey_Rao_Wu_percentile
combined,elastic_net,pooled_2005_2018,15956,1813,model0_paired_combined,model4_combined,combined_fasting_weight,extended_minus_core,0.16,0.001771305850062,0.0009789410434855,-8.153392061325974e-05,0.0037656316619359,2000,0.95,survey_Rao_Wu_percentile
combined,elastic_net,pooled_2005_2018,15956,1813,model0_paired_combined,model4_combined,combined_fasting_weight,extended_model,0.16,0.0365279912023393,0.0024647920736224,0.0316889285514528,0.0411367403785073,2000,0.95,survey_Rao_Wu_percentile
combined,elastic_net,pooled_2005_2018,15956,1813,model0_paired_combined,model4_combined,combined_fasting_weight,treat_all,0.16,-0.0811184068240263,0.0040015761343392,-0.0891248373635251,-0.0733234565939769,2000,0.95,survey_Rao_Wu_percentile
combined,elastic_net,pooled_2005_2018,15956,1813,model0_paired_combined,model4_combined,combined_fasting_weight,treat_none,0.16,0.0,0.0,0.0,0.0,2000,0.95,survey_Rao_Wu_percentile
combined,elastic_net,pooled_2005_2018,15956,1813,model0_paired_combined,model4_combined,combined_fasting_weight,core_model,0.17,0.0335724071499785,0.0024515197693951,0.0286847102237676,0.0381534433399626,2000,0.95,survey_Rao_Wu_percentile
combined,elastic_net,pooled_2005_2018,15956,1813,model0_paired_combined,model4_combined,combined_fasting_weight,extended_minus_core,0.17,0.0005489812264806,0.0009986597375263,-0.0013780734809679,0.0024801473560514,2000,0.95,survey_Rao_Wu_percentile
combined,elastic_net,pooled_2005_2018,15956,1813,model0_paired_combined,model4_combined,combined_fasting_weight,extended_model,0.17,0.0341213883764592,0.0022144127856844,0.0298512933872787,0.0383072542835821,2000,0.95,survey_Rao_Wu_percentile
combined,elastic_net,pooled_2005_2018,15956,1813,model0_paired_combined,model4_combined,combined_fasting_weight,treat_all,0.17,-0.0941439297978098,0.0040497878949939,-0.1022468233558568,-0.0862550645047477,2000,0.95,survey_Rao_Wu_percentile
combined,elastic_net,pooled_2005_2018,15956,1813,model0_paired_combined,model4_combined,combined_fasting_weight,treat_none,0.17,0.0,0.0,0.0,0.0,2000,0.95,survey_Rao_Wu_percentile
combined,elastic_net,pooled_2005_2018,15956,1813,model0_paired_combined,model4_combined,combined_fasting_weight,core_model,0.18,0.0311242448505782,0.0023980037078843,0.0264059139300301,0.0355955362662663,2000,0.95,survey_Rao_Wu_percentile
combined,elastic_net,pooled_2005_2018,15956,1813,model0_paired_combined,model4_combined,combined_fasting_weight,extended_minus_core,0.18,0.000696422206806,0.0010714516916371,-0.0013011265399797,0.0027986996847849,2000,0.95,survey_Rao_Wu_percentile
combined,elastic_net,pooled_2005_2018,15956,1813,model0_paired_combined,model4_combined,combined_fasting_weight,extended_model,0.18,0.0318206670573843,0.0021975446729568,0.0275080626615722,0.0359145189524707,2000,0.95,survey_Rao_Wu_percentile
combined,elastic_net,pooled_2005_2018,15956,1813,model0_paired_combined,model4_combined,combined_fasting_weight,treat_all,0.18,-0.1074871484538806,0.0040991755522499,-0.1156888577870257,-0.0995020774865129,2000,0.95,survey_Rao_Wu_percentile
combined,elastic_net,pooled_2005_2018,15956,1813,model0_paired_combined,model4_combined,combined_fasting_weight,treat_none,0.18,0.0,0.0,0.0,0.0,2000,0.95,survey_Rao_Wu_percentile
combined,elastic_net,pooled_2005_2018,15956,1813,model0_paired_combined,model4_combined,combined_fasting_weight,core_model,0.19,0.0294268367701734,0.0023389708207704,0.0248673860179749,0.0337067566863129,2000,0.95,survey_Rao_Wu_percentile
combined,elastic_net,pooled_2005_2018,15956,1813,model0_paired_combined,model4_combined,combined_fasting_weight,extended_minus_core,0.19,0.0013341273740154,0.0010155159625487,-0.0006564477127151,0.0033236280610124,2000,0.95,survey_Rao_Wu_percentile
combined,elastic_net,pooled_2005_2018,15956,1813,model0_paired_combined,model4_combined,combined_fasting_weight,extended_model,0.19,0.0307609641441888,0.0021843795619555,0.0265370218640455,0.0347705841760149,2000,0.95,survey_Rao_Wu_percentile
combined,elastic_net,pooled_2005_2018,15956,1813,model0_paired_combined,model4_combined,combined_fasting_weight,treat_all,0.19,-0.1211598292989902,0.0041497826578333,-0.1294627943029149,-0.1130761772085686,2000,0.95,survey_Rao_Wu_percentile
combined,elastic_net,pooled_2005_2018,15956,1813,model0_paired_combined,model4_combined,combined_fasting_weight,treat_none,0.19,0.0,0.0,0.0,0.0,2000,0.95,survey_Rao_Wu_percentile
combined,elastic_net,pooled_2005_2018,15956,1813,model0_paired_combined,model4_combined,combined_fasting_weight,core_model,0.2,0.0281125508706165,0.0023070442525846,0.0235007161359978,0.032458544765688,2000,0.95,survey_Rao_Wu_percentile
combined,elastic_net,pooled_2005_2018,15956,1813,model0_paired_combined,model4_combined,combined_fasting_weight,extended_minus_core,0.2,0.0013484166715206,0.0011952956897916,-0.0008854640570584,0.0037447474684289,2000,0.95,survey_Rao_Wu_percentile
combined,elastic_net,pooled_2005_2018,15956,1813,model0_paired_combined,model4_combined,combined_fasting_weight,extended_model,0.2,0.0294609675421372,0.0022136204150484,0.025119026651492,0.0338506573450343,2000,0.95,survey_Rao_Wu_percentile
combined,elastic_net,pooled_2005_2018,15956,1813,model0_paired_combined,model4_combined,combined_fasting_weight,treat_all,0.2,-0.1351743271652277,0.0042016549410562,-0.1435810792317013,-0.1269896294236757,2000,0.95,survey_Rao_Wu_percentile
combined,elastic_net,pooled_2005_2018,15956,1813,model0_paired_combined,model4_combined,combined_fasting_weight,treat_none,0.2,0.0,0.0,0.0,0.0,2000,0.95,survey_Rao_Wu_percentile
combined,elastic_net,pooled_2005_2018,15956,1813,model0_paired_combined,model4_combined,combined_fasting_weight,core_model,0.21,0.0261498480315075,0.0022986080273507,0.0215275146791031,0.030432881195882,2000,0.95,survey_Rao_Wu_percentile
combined,elastic_net,pooled_2005_2018,15956,1813,model0_paired_combined,model4_combined,combined_fasting_weight,extended_minus_core,0.21,0.001627468683411,0.0011496571239162,-0.0004778490189269,0.0039005637646905,2000,0.95,survey_Rao_Wu_percentile
combined,elastic_net,pooled_2005_2018,15956,1813,model0_paired_combined,model4_combined,combined_fasting_weight,extended_model,0.21,0.0277773167149186,0.0020790177179634,0.0237955960840058,0.0318186482476635,2000,0.95,survey_Rao_Wu_percentile
combined,elastic_net,pooled_2005_2018,15956,1813,model0_paired_combined,model4_combined,combined_fasting_weight,treat_all,0.21,-0.1495436224458001,0.0042548404466392,-0.1580567890953937,-0.1412553209353678,2000,0.95,survey_Rao_Wu_percentile
combined,elastic_net,pooled_2005_2018,15956,1813,model0_paired_combined,model4_combined,combined_fasting_weight,treat_none,0.21,0.0,0.0,0.0,0.0,2000,0.95,survey_Rao_Wu_percentile
combined,elastic_net,pooled_2005_2018,15956,1813,model0_paired_combined,model4_combined,combined_fasting_weight,core_model,0.22,0.0238466139757969,0.0021953356594439,0.0193486049935847,0.0280995885234948,2000,0.95,survey_Rao_Wu_percentile
combined,elastic_net,pooled_2005_2018,15956,1813,model0_paired_combined,model4_combined,combined_fasting_weight,extended_minus_core,0.22,0.0028876650662428,0.001202559220733,0.0004896079196081,0.0051756796241937,2000,0.95,survey_Rao_Wu_percentile
combined,elastic_net,pooled_2005_2018,15956,1813,model0_paired_combined,model4_combined,combined_fasting_weight,extended_model,0.22,0.0267342790420397,0.0021321979426263,0.0226163572680296,0.030845601982934,2000,0.95,survey_Rao_Wu_percentile
combined,elastic_net,pooled_2005_2018,15956,1813,model0_paired_combined,model4_combined,combined_fasting_weight,treat_all,0.22,-0.1642813611951053,0.0043093896831346,-0.1729036710068732,-0.1558867994088982,2000,0.95,survey_Rao_Wu_percentile
combined,elastic_net,pooled_2005_2018,15956,1813,model0_paired_combined,model4_combined,combined_fasting_weight,treat_none,0.22,0.0,0.0,0.0,0.0,2000,0.95,survey_Rao_Wu_percentile
combined,elastic_net,pooled_2005_2018,15956,1813,model0_paired_combined,model4_combined,combined_fasting_weight,core_model,0.23,0.0222651025503567,0.0021549381667991,0.0179465795947511,0.0263941469156916,2000,0.95,survey_Rao_Wu_percentile
combined,elastic_net,pooled_2005_2018,15956,1813,model0_paired_combined,model4_combined,combined_fasting_weight,extended_minus_core,0.23,0.002995013903678,0.0011411935350255,0.0007451205780079,0.0051470036970286,2000,0.95,survey_Rao_Wu_percentile
combined,elastic_net,pooled_2005_2018,15956,1813,model0_paired_combined,model4_combined,combined_fasting_weight,extended_model,0.23,0.0252601164540347,0.0020936341473561,0.0211539326595722,0.029298671447716,2000,0.95,survey_Rao_Wu_percentile
combined,elastic_net,pooled_2005_2018,15956,1813,model0_paired_combined,model4_combined,combined_fasting_weight,treat_all,0.23,-0.1794018983534833,0.0043653557829155,-0.1881361862147546,-0.1708983162843384,2000,0.95,survey_Rao_Wu_percentile
combined,elastic_net,pooled_2005_2018,15956,1813,model0_paired_combined,model4_combined,combined_fasting_weight,treat_none,0.23,0.0,0.0,0.0,0.0,2000,0.95,survey_Rao_Wu_percentile
combined,elastic_net,pooled_2005_2018,15956,1813,model0_paired_combined,model4_combined,combined_fasting_weight,core_model,0.24,0.0214436762201196,0.002079713897652,0.0172869399633772,0.0254283548383216,2000,0.95,survey_Rao_Wu_percentile
combined,elastic_net,pooled_2005_2018,15956,1813,model0_paired_combined,model4_combined,combined_fasting_weight,extended_minus_core,0.24,0.0027458314804979,0.0011653984447445,0.0004168798071088,0.0049301418104142,2000,0.95,survey_Rao_Wu_percentile
combined,elastic_net,pooled_2005_2018,15956,1813,model0_paired_combined,model4_combined,combined_fasting_weight,extended_model,0.24,0.0241895077006176,0.0020425606430625,0.0201859974823845,0.0280745972585568,2000,0.95,survey_Rao_Wu_percentile
combined,elastic_net,pooled_2005_2018,15956,1813,model0_paired_combined,model4_combined,combined_fasting_weight,treat_all,0.24,-0.1949203443844501,0.004422794674796,-0.2037695570860014,-0.1863048730775534,2000,0.95,survey_Rao_Wu_percentile
combined,elastic_net,pooled_2005_2018,15956,1813,model0_paired_combined,model4_combined,combined_fasting_weight,treat_none,0.24,0.0,0.0,0.0,0.0,2000,0.95,survey_Rao_Wu_percentile
combined,elastic_net,pooled_2005_2018,15956,1813,model0_paired_combined,model4_combined,combined_fasting_weight,core_model,0.25,0.0193887753136504,0.0019660115563111,0.0155324706481884,0.0232136121655,2000,0.95,survey_Rao_Wu_percentile
combined,elastic_net,pooled_2005_2018,15956,1813,model0_paired_combined,model4_combined,combined_fasting_weight,extended_minus_core,0.25,0.0040549788662565,0.0010747382627122,0.0019291686158243,0.0061333049509742,2000,0.95,survey_Rao_Wu_percentile
combined,elastic_net,pooled_2005_2018,15956,1813,model0_paired_combined,model4_combined,combined_fasting_weight,extended_model,0.25,0.0234437541799069,0.001971506304166,0.0196202733906573,0.0271038772488951,2000,0.95,survey_Rao_Wu_percentile
combined,elastic_net,pooled_2005_2018,15956,1813,model0_paired_combined,model4_combined,combined_fasting_weight,treat_all,0.25,-0.2108526156429095,0.0044817652704599,-0.2198198178471481,-0.2021222713852541,2000,0.95,survey_Rao_Wu_percentile
combined,elastic_net,pooled_2005_2018,15956,1813,model0_paired_combined,model4_combined,combined_fasting_weight,treat_none,0.25,0.0,0.0,0.0,0.0,2000,0.95,survey_Rao_Wu_percentile
combined,elastic_net,pooled_2005_2018,15956,1813,model0_paired_combined,model4_combined,combined_fasting_weight,core_model,0.26,0.0185630031953921,0.0020186270558583,0.0146188070579818,0.0224899754890095,2000,0.95,survey_Rao_Wu_percentile
combined,elastic_net,pooled_2005_2018,15956,1813,model0_paired_combined,model4_combined,combined_fasting_weight,extended_minus_core,0.26,0.0032499885093861,0.0010428902635744,0.0012085238396654,0.0053044013320136,2000,0.95,survey_Rao_Wu_percentile
combined,elastic_net,pooled_2005_2018,15956,1813,model0_paired_combined,model4_combined,combined_fasting_weight,extended_model,0.26,0.0218129917047782,0.0019255824897521,0.0179964923482779,0.0254371619701915,2000,0.95,survey_Rao_Wu_percentile
combined,elastic_net,pooled_2005_2018,15956,1813,model0_paired_combined,model4_combined,combined_fasting_weight,treat_all,0.26,-0.2272154888272732,0.0045423296660067,-0.2363038694396771,-0.2183671669445143,2000,0.95,survey_Rao_Wu_percentile
combined,elastic_net,pooled_2005_2018,15956,1813,model0_paired_combined,model4_combined,combined_fasting_weight,treat_none,0.26,0.0,0.0,0.0,0.0,2000,0.95,survey_Rao_Wu_percentile
combined,elastic_net,pooled_2005_2018,15956,1813,model0_paired_combined,model4_combined,combined_fasting_weight,core_model,0.27,0.017497270288312,0.0019643036306503,0.013564927571135,0.0213018914016171,2000,0.95,survey_Rao_Wu_percentile
combined,elastic_net,pooled_2005_2018,15956,1813,model0_paired_combined,model4_combined,combined_fasting_weight,extended_minus_core,0.27,0.0025631370811429,0.0010589309337551,0.0004598594087386,0.0045898471912531,2000,0.95,survey_Rao_Wu_percentile
combined,elastic_net,pooled_2005_2018,15956,1813,model0_paired_combined,model4_combined,combined_fasting_weight,extended_model,0.27,0.0200604073694549,0.00183732500271,0.0164195269420955,0.0236409895898174,2000,0.95,survey_Rao_Wu_percentile
combined,elastic_net,pooled_2005_2018,15956,1813,model0_paired_combined,model4_combined,combined_fasting_weight,treat_all,0.27,-0.2440266599070988,0.0046045533600616,-0.2532395388840563,-0.2350571281355351,2000,0.95,survey_Rao_Wu_percentile
combined,elastic_net,pooled_2005_2018,15956,1813,model0_paired_combined,model4_combined,combined_fasting_weight,treat_none,0.27,0.0,0.0,0.0,0.0,2000,0.95,survey_Rao_Wu_percentile
combined,elastic_net,pooled_2005_2018,15956,1813,model0_paired_combined,model4_combined,combined_fasting_weight,core_model,0.28,0.0158943382533807,0.0018713891518625,0.0121379428772152,0.0195256710225323,2000,0.95,survey_Rao_Wu_percentile
combined,elastic_net,pooled_2005_2018,15956,1813,model0_paired_combined,model4_combined,combined_fasting_weight,extended_minus_core,0.28,0.0029068511387951,0.0010258962760813,0.0008764267300316,0.0048741685381246,2000,0.95,survey_Rao_Wu_percentile
combined,elastic_net,pooled_2005_2018,15956,1813,model0_paired_combined,model4_combined,combined_fasting_weight,extended_model,0.28,0.0188011893921759,0.0017961743294569,0.0152233689146665,0.0222460691165807,2000,0.95,survey_Rao_Wu_percentile
combined,elastic_net,pooled_2005_2018,15956,1813,model0_paired_combined,model4_combined,combined_fasting_weight,treat_all,0.28,-0.2613048079613642,0.0046685054900624,-0.2706456435907793,-0.2522106993596398,2000,0.95,survey_Rao_Wu_percentile
combined,elastic_net,pooled_2005_2018,15956,1813,model0_paired_combined,model4_combined,combined_fasting_weight,treat_none,0.28,0.0,0.0,0.0,0.0,2000,0.95,survey_Rao_Wu_percentile
combined,elastic_net,pooled_2005_2018,15956,1813,model0_paired_combined,model4_combined,combined_fasting_weight,core_model,0.29,0.0143421999532607,0.0017979085374268,0.0108879288013978,0.0178791433379013,2000,0.95,survey_Rao_Wu_percentile
combined,elastic_net,pooled_2005_2018,15956,1813,model0_paired_combined,model4_combined,combined_fasting_weight,extended_minus_core,0.29,0.0036419251428683,0.0009632927066988,0.0017403845574165,0.0055211295971545,2000,0.95,survey_Rao_Wu_percentile
combined,elastic_net,pooled_2005_2018,15956,1813,model0_paired_combined,model4_combined,combined_fasting_weight,extended_model,0.29,0.0179841250961291,0.0018122720611859,0.0143801166357936,0.0215616822557037,2000,0.95,survey_Rao_Wu_percentile
combined,elastic_net,pooled_2005_2018,15956,1813,model0_paired_combined,model4_combined,combined_fasting_weight,treat_all,0.29,-0.2790696644115242,0.004734259088514,-0.2885420611061424,-0.2698474697731558,2000,0.95,survey_Rao_Wu_percentile
combined,elastic_net,pooled_2005_2018,15956,1813,model0_paired_combined,model4_combined,combined_fasting_weight,treat_none,0.29,0.0,0.0,0.0,0.0,2000,0.95,survey_Rao_Wu_percentile
combined,elastic_net,pooled_2005_2018,15956,1813,model0_paired_combined,model4_combined,combined_fasting_weight,core_model,0.3,0.0131488378876507,0.0018542851796874,0.0096376114141488,0.0167816322717472,2000,0.95,survey_Rao_Wu_percentile
combined,elastic_net,pooled_2005_2018,15956,1813,model0_paired_combined,model4_combined,combined_fasting_weight,extended_minus_core,0.3,0.0042885017911566,0.0010602662827532,0.0022033465330842,0.0064330797078178,2000,0.95,survey_Rao_Wu_percentile
combined,elastic_net,pooled_2005_2018,15956,1813,model0_paired_combined,model4_combined,combined_fasting_weight,extended_model,0.3,0.0174373396788073,0.0018264796369883,0.0138182180768285,0.0209775211500878,2000,0.95,survey_Rao_Wu_percentile
combined,elastic_net,pooled_2005_2018,15956,1813,model0_paired_combined,model4_combined,combined_fasting_weight,treat_all,0.3,-0.2973420881888317,0.0048018913612071,-0.3069498048362301,-0.2879881479127724,2000,0.95,survey_Rao_Wu_percentile
combined,elastic_net,pooled_2005_2018,15956,1813,model0_paired_combined,model4_combined,combined_fasting_weight,treat_none,0.3,0.0,0.0,0.0,0.0,2000,0.95,survey_Rao_Wu_percentile
renal,elastic_net,pooled_2005_2018,37482,4222,model0_core,model1_renal,combined_mec_weight,core_model,0.01,0.0797356006174415,0.0022341453140191,0.0753109619755805,0.0839379009368534,2000,0.95,survey_Rao_Wu_percentile
renal,elastic_net,pooled_2005_2018,37482,4222,model0_core,model1_renal,combined_mec_weight,extended_minus_core,0.01,-8.258698861514369e-05,5.626133156471544e-05,-0.0001930748336318,2.658617252394507e-05,2000,0.95,survey_Rao_Wu_percentile
renal,elastic_net,pooled_2005_2018,37482,4222,model0_core,model1_renal,combined_mec_weight,extended_model,0.01,0.0796530136288264,0.0022259993667138,0.075193592880459,0.0838810513530183,2000,0.95,survey_Rao_Wu_percentile
renal,elastic_net,pooled_2005_2018,37482,4222,model0_core,model1_renal,combined_mec_weight,treat_all,0.01,0.0788847527843398,0.0022535234341601,0.0743811973972616,0.0830967480201997,2000,0.95,survey_Rao_Wu_percentile
renal,elastic_net,pooled_2005_2018,37482,4222,model0_core,model1_renal,combined_mec_weight,treat_none,0.01,0.0,0.0,0.0,0.0,2000,0.95,survey_Rao_Wu_percentile
renal,elastic_net,pooled_2005_2018,37482,4222,model0_core,model1_renal,combined_mec_weight,core_model,0.02,0.0736150399815947,0.0022221949275479,0.0691545238115098,0.0778235582098371,2000,0.95,survey_Rao_Wu_percentile
renal,elastic_net,pooled_2005_2018,37482,4222,model0_core,model1_renal,combined_mec_weight,extended_minus_core,0.02,3.317805839063437e-05,0.0001625288463818,-0.0002725069046168,0.0003422398338847,2000,0.95,survey_Rao_Wu_percentile
renal,elastic_net,pooled_2005_2018,37482,4222,model0_core,model1_renal,combined_mec_weight,extended_model,0.02,0.0736482180399854,0.0022362694235416,0.0691117330007419,0.0777982862872335,2000,0.95,survey_Rao_Wu_percentile
renal,elastic_net,pooled_2005_2018,37482,4222,model0_core,model1_renal,combined_mec_weight,treat_all,0.02,0.0694856176086698,0.0022765185712433,0.0649361075747847,0.0737405923877527,2000,0.95,survey_Rao_Wu_percentile
renal,elastic_net,pooled_2005_2018,37482,4222,model0_core,model1_renal,combined_mec_weight,treat_none,0.02,0.0,0.0,0.0,0.0,2000,0.95,survey_Rao_Wu_percentile
renal,elastic_net,pooled_2005_2018,37482,4222,model0_core,model1_renal,combined_mec_weight,core_model,0.03,0.068371957560235,0.002127005487571,0.0641150885551212,0.0724385776671634,2000,0.95,survey_Rao_Wu_percentile
renal,elastic_net,pooled_2005_2018,37482,4222,model0_core,model1_renal,combined_mec_weight,extended_minus_core,0.03,0.0001497141465019,0.0002785767428603,-0.0003996198655891,0.0006978209517297,2000,0.95,survey_Rao_Wu_percentile
renal,elastic_net,pooled_2005_2018,37482,4222,model0_core,model1_renal,combined_mec_weight,extended_model,0.03,0.068521671706737,0.002139739865168,0.064265160899623,0.0724829506780104,2000,0.95,survey_Rao_Wu_percentile
renal,elastic_net,pooled_2005_2018,37482,4222,model0_core,model1_renal,combined_mec_weight,treat_all,0.03,0.0598926858314396,0.0022999878348644,0.0552962736322567,0.0641915263298945,2000,0.95,survey_Rao_Wu_percentile
renal,elastic_net,pooled_2005_2018,37482,4222,model0_core,model1_renal,combined_mec_weight,treat_none,0.03,0.0,0.0,0.0,0.0,2000,0.95,survey_Rao_Wu_percentile
renal,elastic_net,pooled_2005_2018,37482,4222,model0_core,model1_renal,combined_mec_weight,core_model,0.04,0.0637178666013511,0.0020826669739815,0.0596032197430123,0.0676450273953186,2000,0.95,survey_Rao_Wu_percentile
renal,elastic_net,pooled_2005_2018,37482,4222,model0_core,model1_renal,combined_mec_weight,extended_minus_core,0.04,0.0003358785661883,0.0002543153836936,-0.000161873991217,0.0008285659667921,2000,0.95,survey_Rao_Wu_percentile
renal,elastic_net,pooled_2005_2018,37482,4222,model0_core,model1_renal,combined_mec_weight,extended_model,0.04,0.0640537451675394,0.0020670811294571,0.0600415334008904,0.0679201059420786,2000,0.95,survey_Rao_Wu_percentile
renal,elastic_net,pooled_2005_2018,37482,4222,model0_core,model1_renal,combined_mec_weight,treat_all,0.04,0.0500999013088504,0.0023239460414776,0.045455609815926,0.0544435213958309,2000,0.95,survey_Rao_Wu_percentile
renal,elastic_net,pooled_2005_2018,37482,4222,model0_core,model1_renal,combined_mec_weight,treat_none,0.04,0.0,0.0,0.0,0.0,2000,0.95,survey_Rao_Wu_percentile
renal,elastic_net,pooled_2005_2018,37482,4222,model0_core,model1_renal,combined_mec_weight,core_model,0.05,0.0602337764354914,0.0020372466630054,0.0563056821285566,0.0640349314864425,2000,0.95,survey_Rao_Wu_percentile
renal,elastic_net,pooled_2005_2018,37482,4222,model0_core,model1_renal,combined_mec_weight,extended_minus_core,0.05,0.0002416866964857,0.0003448562426071,-0.0004271831478124,0.0009323769072653,2000,0.95,survey_Rao_Wu_percentile
renal,elastic_net,pooled_2005_2018,37482,4222,model0_core,model1_renal,combined_mec_weight,extended_model,0.05,0.0604754631319772,0.0021338470482547,0.0563339870840497,0.0646796208225881,2000,0.95,survey_Rao_Wu_percentile
renal,elastic_net,pooled_2005_2018,37482,4222,model0_core,model1_renal,combined_mec_weight,treat_all,0.05,0.0401009529015752,0.0023484086313879,0.0354077741297779,0.0444902953052607,2000,0.95,survey_Rao_Wu_percentile
renal,elastic_net,pooled_2005_2018,37482,4222,model0_core,model1_renal,combined_mec_weight,treat_none,0.05,0.0,0.0,0.0,0.0,2000,0.95,survey_Rao_Wu_percentile
renal,elastic_net,pooled_2005_2018,37482,4222,model0_core,model1_renal,combined_mec_weight,core_model,0.06,0.0567360739089911,0.0021201459825529,0.0526073290437433,0.0608215896421286,2000,0.95,survey_Rao_Wu_percentile
renal,elastic_net,pooled_2005_2018,37482,4222,model0_core,model1_renal,combined_mec_weight,extended_minus_core,0.06,0.0004481592710822,0.0002629945479793,-7.307385848037771e-05,0.0009594463482473,2000,0.95,survey_Rao_Wu_percentile
renal,elastic_net,pooled_2005_2018,37482,4222,model0_core,model1_renal,combined_mec_weight,extended_model,0.06,0.0571842331800734,0.0020625860520746,0.0532026627902147,0.0612503999532052,2000,0.95,survey_Rao_Wu_percentile
renal,elastic_net,pooled_2005_2018,37482,4222,model0_core,model1_renal,combined_mec_weight,treat_all,0.06,0.0298892609111664,0.0023733917019345,0.0251461547056266,0.034325298446806,2000,0.95,survey_Rao_Wu_percentile
renal,elastic_net,pooled_2005_2018,37482,4222,model0_core,model1_renal,combined_mec_weight,treat_none,0.06,0.0,0.0,0.0,0.0,2000,0.95,survey_Rao_Wu_percentile
renal,elastic_net,pooled_2005_2018,37482,4222,model0_core,model1_renal,combined_mec_weight,core_model,0.07,0.0535660533205642,0.0020923112053093,0.0494685125496395,0.057678671169951,2000,0.95,survey_Rao_Wu_percentile
renal,elastic_net,pooled_2005_2018,37482,4222,model0_core,model1_renal,combined_mec_weight,extended_minus_core,0.07,0.0008016117516521,0.0003098103628509,0.0001898206856029,0.0014063740456951,2000,0.95,survey_Rao_Wu_percentile
renal,elastic_net,pooled_2005_2018,37482,4222,model0_core,model1_renal,combined_mec_weight,extended_model,0.07,0.0543676650722163,0.0020466779652533,0.0503988982317648,0.0583537173005151,2000,0.95,survey_Rao_Wu_percentile
renal,elastic_net,pooled_2005_2018,37482,4222,model0_core,model1_renal,combined_mec_weight,treat_all,0.07,0.019457962641394,0.0023989120428156,0.0146638552938591,0.0239416995053738,2000,0.95,survey_Rao_Wu_percentile
renal,elastic_net,pooled_2005_2018,37482,4222,model0_core,model1_renal,combined_mec_weight,treat_none,0.07,0.0,0.0,0.0,0.0,2000,0.95,survey_Rao_Wu_percentile
renal,elastic_net,pooled_2005_2018,37482,4222,model0_core,model1_renal,combined_mec_weight,core_model,0.08,0.0511802721374592,0.0019995189451126,0.0472314027627599,0.0550936396808526,2000,0.95,survey_Rao_Wu_percentile
renal,elastic_net,pooled_2005_2018,37482,4222,model0_core,model1_renal,combined_mec_weight,extended_minus_core,0.08,0.0006948410657169,0.0003401979135571,9.929316656447189e-06,0.0013287373489553,2000,0.95,survey_Rao_Wu_percentile
renal,elastic_net,pooled_2005_2018,37482,4222,model0_core,model1_renal,combined_mec_weight,extended_model,0.08,0.0518751132031761,0.0019588999410649,0.0480751907836593,0.0556278882885573,2000,0.95,survey_Rao_Wu_percentile
renal,elastic_net,pooled_2005_2018,37482,4222,model0_core,model1_renal,combined_mec_weight,treat_all,0.08,0.0087998970179309,0.0024249871737157,0.0039536798079228,0.0133323701521714,2000,0.95,survey_Rao_Wu_percentile
renal,elastic_net,pooled_2005_2018,37482,4222,model0_core,model1_renal,combined_mec_weight,treat_none,0.08,0.0,0.0,0.0,0.0,2000,0.95,survey_Rao_Wu_percentile
renal,elastic_net,pooled_2005_2018,37482,4222,model0_core,model1_renal,combined_mec_weight,core_model,0.09,0.0481584555325629,0.0018878422092902,0.0443993139344304,0.0517861977844044,2000,0.95,survey_Rao_Wu_percentile
renal,elastic_net,pooled_2005_2018,37482,4222,model0_core,model1_renal,combined_mec_weight,extended_minus_core,0.09,0.0006788319311421,0.000411937420783,-0.0001135398506915,0.0014877390025216,2000,0.95,survey_Rao_Wu_percentile
renal,elastic_net,pooled_2005_2018,37482,4222,model0_core,model1_renal,combined_mec_weight,extended_model,0.09,0.048837287463705,0.0018163726344887,0.045313053873171,0.0523004499153045,2000,0.95,survey_Rao_Wu_percentile
renal,elastic_net,pooled_2005_2018,37482,4222,model0_core,model1_renal,combined_mec_weight,treat_all,0.09,-0.0020924118060478,0.0024516353844159,-0.0069918841502318,0.0024898687252722,2000,0.95,survey_Rao_Wu_percentile
renal,elastic_net,pooled_2005_2018,37482,4222,model0_core,model1_renal,combined_mec_weight,treat_none,0.09,0.0,0.0,0.0,0.0,2000,0.95,survey_Rao_Wu_percentile
renal,elastic_net,pooled_2005_2018,37482,4222,model0_core,model1_renal,combined_mec_weight,core_model,0.1,0.0457219607252732,0.0018334832015344,0.0421045286331454,0.0491739590558647,2000,0.95,survey_Rao_Wu_percentile
renal,elastic_net,pooled_2005_2018,37482,4222,model0_core,model1_renal,combined_mec_weight,extended_minus_core,0.1,0.0006440912860574,0.0004970748804171,-0.0002867235318086,0.0016416196915787,2000,0.95,survey_Rao_Wu_percentile
renal,elastic_net,pooled_2005_2018,37482,4222,model0_core,model1_renal,combined_mec_weight,extended_model,0.1,0.0463660520113306,0.0017652911812272,0.0429463042998792,0.0498297675294058,2000,0.95,survey_Rao_Wu_percentile
renal,elastic_net,pooled_2005_2018,37482,4222,model0_core,model1_renal,combined_mec_weight,treat_all,0.1,-0.0132267719372261,0.0024788757775761,-0.0181806828630121,-0.0085935771777803,2000,0.95,survey_Rao_Wu_percentile
renal,elastic_net,pooled_2005_2018,37482,4222,model0_core,model1_renal,combined_mec_weight,treat_none,0.1,0.0,0.0,0.0,0.0,2000,0.95,survey_Rao_Wu_percentile
renal,elastic_net,pooled_2005_2018,37482,4222,model0_core,model1_renal,combined_mec_weight,core_model,0.11,0.0431872926531312,0.0017521246478436,0.0398115762349142,0.0464599601291269,2000,0.95,survey_Rao_Wu_percentile
renal,elastic_net,pooled_2005_2018,37482,4222,model0_core,model1_renal,combined_mec_weight,extended_minus_core,0.11,0.0006326714092518,0.0005098148863479,-0.0003192087354551,0.0016631129139693,2000,0.95,survey_Rao_Wu_percentile
renal,elastic_net,pooled_2005_2018,37482,4222,model0_core,model1_renal,combined_mec_weight,extended_model,0.11,0.043819964062383,0.0017228110217081,0.0404601959277291,0.0470902056390676,2000,0.95,survey_Rao_Wu_percentile
renal,elastic_net,pooled_2005_2018,37482,4222,model0_core,model1_renal,combined_mec_weight,treat_all,0.11,-0.0246113424084309,0.0025067283144028,-0.0296209152547314,-0.0199260892809014,2000,0.95,survey_Rao_Wu_percentile
renal,elastic_net,pooled_2005_2018,37482,4222,model0_core,model1_renal,combined_mec_weight,treat_none,0.11,0.0,0.0,0.0,0.0,2000,0.95,survey_Rao_Wu_percentile
renal,elastic_net,pooled_2005_2018,37482,4222,model0_core,model1_renal,combined_mec_weight,core_model,0.12,0.0407978778338667,0.0016769538725965,0.037541278261155,0.0440086060281895,2000,0.95,survey_Rao_Wu_percentile
renal,elastic_net,pooled_2005_2018,37482,4222,model0_core,model1_renal,combined_mec_weight,extended_minus_core,0.12,0.0007897642758426,0.0004826176103387,-0.0001514736472108,0.0017339430638512,2000,0.95,survey_Rao_Wu_percentile
renal,elastic_net,pooled_2005_2018,37482,4222,model0_core,model1_renal,combined_mec_weight,extended_model,0.12,0.0415876421097094,0.001701065450192,0.0383643474517753,0.044854941279621,2000,0.95,survey_Rao_Wu_percentile
renal,elastic_net,pooled_2005_2018,37482,4222,model0_core,model1_renal,combined_mec_weight,treat_all,0.12,-0.0362546531176176,0.0025352138634301,-0.0413211529280806,-0.0315161584772753,2000,0.95,survey_Rao_Wu_percentile
renal,elastic_net,pooled_2005_2018,37482,4222,model0_core,model1_renal,combined_mec_weight,treat_none,0.12,0.0,0.0,0.0,0.0,2000,0.95,survey_Rao_Wu_percentile
renal,elastic_net,pooled_2005_2018,37482,4222,model0_core,model1_renal,combined_mec_weight,core_model,0.13,0.0386915454649169,0.0016604484091851,0.0354578896610573,0.0418844053716195,2000,0.95,survey_Rao_Wu_percentile
renal,elastic_net,pooled_2005_2018,37482,4222,model0_core,model1_renal,combined_mec_weight,extended_minus_core,0.13,0.0012079817965987,0.0005066978169385,0.0002157612407995,0.0021769353319115,2000,0.95,survey_Rao_Wu_percentile
renal,elastic_net,pooled_2005_2018,37482,4222,model0_core,model1_renal,combined_mec_weight,extended_model,0.13,0.0398995272615156,0.0016855507899903,0.0366485392693416,0.0431325084097419,2000,0.95,survey_Rao_Wu_percentile
renal,elastic_net,pooled_2005_2018,37482,4222,model0_core,model1_renal,combined_mec_weight,treat_all,0.13,-0.0481656261419581,0.0025643542526649,-0.0532903615824263,-0.0433726660459796,2000,0.95,survey_Rao_Wu_percentile
renal,elastic_net,pooled_2005_2018,37482,4222,model0_core,model1_renal,combined_mec_weight,treat_none,0.13,0.0,0.0,0.0,0.0,2000,0.95,survey_Rao_Wu_percentile
renal,elastic_net,pooled_2005_2018,37482,4222,model0_core,model1_renal,combined_mec_weight,core_model,0.14,0.0364284437993868,0.0016955907719891,0.0331560915523321,0.0397262026075565,2000,0.95,survey_Rao_Wu_percentile
renal,elastic_net,pooled_2005_2018,37482,4222,model0_core,model1_renal,combined_mec_weight,extended_minus_core,0.14,0.001362047925534,0.000510583291808,0.000400697526049,0.0023878027497882,2000,0.95,survey_Rao_Wu_percentile
renal,elastic_net,pooled_2005_2018,37482,4222,model0_core,model1_renal,combined_mec_weight,extended_model,0.14,0.0377904917249208,0.0016410539679579,0.0346044758754629,0.0409088983639931,2000,0.95,survey_Rao_Wu_percentile
renal,elastic_net,pooled_2005_2018,37482,4222,model0_core,model1_renal,combined_mec_weight,treat_all,0.14,-0.0603535985389576,0.0025941723253703,-0.0655379239264081,-0.0555049063488398,2000,0.95,survey_Rao_Wu_percentile
renal,elastic_net,pooled_2005_2018,37482,4222,model0_core,model1_renal,combined_mec_weight,treat_none,0.14,0.0,0.0,0.0,0.0,2000,0.95,survey_Rao_Wu_percentile
renal,elastic_net,pooled_2005_2018,37482,4222,model0_core,model1_renal,combined_mec_weight,core_model,0.15,0.0345437107070284,0.0016499865381806,0.0314177759520787,0.0377502864129039,2000,0.95,survey_Rao_Wu_percentile
renal,elastic_net,pooled_2005_2018,37482,4222,model0_core,model1_renal,combined_mec_weight,extended_minus_core,0.15,0.001103527003515,0.0005415717181192,6.899077723189611e-05,0.0021805339148413,2000,0.95,survey_Rao_Wu_percentile
renal,elastic_net,pooled_2005_2018,37482,4222,model0_core,model1_renal,combined_mec_weight,extended_model,0.15,0.0356472377105434,0.0015953462894199,0.0325218757559997,0.0386646092417737,2000,0.95,survey_Rao_Wu_percentile
renal,elastic_net,pooled_2005_2018,37482,4222,model0_core,model1_renal,combined_mec_weight,treat_all,0.15,-0.072828346757063,0.0026246919997864,-0.0780736642078952,-0.0679226111294144,2000,0.95,survey_Rao_Wu_percentile
renal,elastic_net,pooled_2005_2018,37482,4222,model0_core,model1_renal,combined_mec_weight,treat_none,0.15,0.0,0.0,0.0,0.0,2000,0.95,survey_Rao_Wu_percentile
renal,elastic_net,pooled_2005_2018,37482,4222,model0_core,model1_renal,combined_mec_weight,core_model,0.16,0.0325834505206077,0.001597196443104,0.0295126733373509,0.0357547046756155,2000,0.95,survey_Rao_Wu_percentile
renal,elastic_net,pooled_2005_2018,37482,4222,model0_core,model1_renal,combined_mec_weight,extended_minus_core,0.16,0.001141727488637,0.0005232811090276,0.0001188621412264,0.0021605758917432,2000,0.95,survey_Rao_Wu_percentile
renal,elastic_net,pooled_2005_2018,37482,4222,model0_core,model1_renal,combined_mec_weight,extended_model,0.16,0.0337251780092448,0.0015201760809678,0.0307812415375826,0.0366679686099104,2000,0.95,survey_Rao_Wu_percentile
renal,elastic_net,pooled_2005_2018,37482,4222,model0_core,model1_renal,combined_mec_weight,treat_all,0.16,-0.0856001127898851,0.0026559383331172,-0.0909078744960844,-0.0806359755476218,2000,0.95,survey_Rao_Wu_percentile
renal,elastic_net,pooled_2005_2018,37482,4222,model0_core,model1_renal,combined_mec_weight,treat_none,0.16,0.0,0.0,0.0,0.0,2000,0.95,survey_Rao_Wu_percentile
renal,elastic_net,pooled_2005_2018,37482,4222,model0_core,model1_renal,combined_mec_weight,core_model,0.17,0.0304240202581857,0.0015822317095165,0.0273151587087061,0.0334666518135945,2000,0.95,survey_Rao_Wu_percentile
renal,elastic_net,pooled_2005_2018,37482,4222,model0_core,model1_renal,combined_mec_weight,extended_minus_core,0.17,0.0019311957468906,0.0005457293215088,0.0008601444345121,0.0029715669577461,2000,0.95,survey_Rao_Wu_percentile
renal,elastic_net,pooled_2005_2018,37482,4222,model0_core,model1_renal,combined_mec_weight,extended_model,0.17,0.0323552160050763,0.0015080116485353,0.0294204522883442,0.0352529465910714,2000,0.95,survey_Rao_Wu_percentile
renal,elastic_net,pooled_2005_2018,37482,4222,model0_core,model1_renal,combined_mec_weight,treat_all,0.17,-0.0986796322210886,0.0026879375901427,-0.1040513428635071,-0.0936556860963883,2000,0.95,survey_Rao_Wu_percentile
renal,elastic_net,pooled_2005_2018,37482,4222,model0_core,model1_renal,combined_mec_weight,treat_none,0.17,0.0,0.0,0.0,0.0,2000,0.95,survey_Rao_Wu_percentile
renal,elastic_net,pooled_2005_2018,37482,4222,model0_core,model1_renal,combined_mec_weight,core_model,0.18,0.0289197572477288,0.0014997666573566,0.0259795064469445,0.0317473985469448,2000,0.95,survey_Rao_Wu_percentile
renal,elastic_net,pooled_2005_2018,37482,4222,model0_core,model1_renal,combined_mec_weight,extended_minus_core,0.18,0.0014873522967754,0.0005786833421669,0.0003654282003274,0.0026224879949138,2000,0.95,survey_Rao_Wu_percentile
renal,elastic_net,pooled_2005_2018,37482,4222,model0_core,model1_renal,combined_mec_weight,extended_model,0.18,0.0304071095445043,0.0014847852408466,0.0275358502678381,0.0333173714568656,2000,0.95,survey_Rao_Wu_percentile
renal,elastic_net,pooled_2005_2018,37482,4222,model0_core,model1_renal,combined_mec_weight,treat_all,0.18,-0.1120781643213457,0.0027207173168518,-0.1175153836301352,-0.1069929505609784,2000,0.95,survey_Rao_Wu_percentile
renal,elastic_net,pooled_2005_2018,37482,4222,model0_core,model1_renal,combined_mec_weight,treat_none,0.18,0.0,0.0,0.0,0.0,2000,0.95,survey_Rao_Wu_percentile
renal,elastic_net,pooled_2005_2018,37482,4222,model0_core,model1_renal,combined_mec_weight,core_model,0.19,0.0275128399574136,0.0014788206708705,0.0246816341072047,0.0303381957197588,2000,0.95,survey_Rao_Wu_percentile
renal,elastic_net,pooled_2005_2018,37482,4222,model0_core,model1_renal,combined_mec_weight,extended_minus_core,0.19,0.0013942394023294,0.0005393342024011,0.0003559502876634,0.0024519802110226,2000,0.95,survey_Rao_Wu_percentile
renal,elastic_net,pooled_2005_2018,37482,4222,model0_core,model1_renal,combined_mec_weight,extended_model,0.19,0.0289070793597431,0.0014790006890494,0.0260521454583128,0.0317212280544257,2000,0.95,survey_Rao_Wu_percentile
renal,elastic_net,pooled_2005_2018,37482,4222,model0_core,model1_renal,combined_mec_weight,treat_all,0.19,-0.1258075243746957,0.002754306419529,-0.1313118698477912,-0.1206595301975337,2000,0.95,survey_Rao_Wu_percentile
renal,elastic_net,pooled_2005_2018,37482,4222,model0_core,model1_renal,combined_mec_weight,treat_none,0.19,0.0,0.0,0.0,0.0,2000,0.95,survey_Rao_Wu_percentile
renal,elastic_net,pooled_2005_2018,37482,4222,model0_core,model1_renal,combined_mec_weight,core_model,0.2,0.0259912727267534,0.0014320449659648,0.0232226209189868,0.0287595733988972,2000,0.95,survey_Rao_Wu_percentile
renal,elastic_net,pooled_2005_2018,37482,4222,model0_core,model1_renal,combined_mec_weight,extended_minus_core,0.2,0.0011978293595349,0.0005527297067169,9.943225674011066e-05,0.0022685756723342,2000,0.95,survey_Rao_Wu_percentile
renal,elastic_net,pooled_2005_2018,37482,4222,model0_core,model1_renal,combined_mec_weight,extended_model,0.2,0.0271891020862884,0.0014118049567817,0.024438425837562,0.0299324034904869,2000,0.95,survey_Rao_Wu_percentile
renal,elastic_net,pooled_2005_2018,37482,4222,model0_core,model1_renal,combined_mec_weight,treat_all,0.2,-0.1398801184293794,0.0027887352497731,-0.1454532682208887,-0.1346677743250028,2000,0.95,survey_Rao_Wu_percentile
renal,elastic_net,pooled_2005_2018,37482,4222,model0_core,model1_renal,combined_mec_weight,treat_none,0.2,0.0,0.0,0.0,0.0,2000,0.95,survey_Rao_Wu_percentile
renal,elastic_net,pooled_2005_2018,37482,4222,model0_core,model1_renal,combined_mec_weight,core_model,0.21,0.0247736331427431,0.0013981267612735,0.0221156457933932,0.0275341332759666,2000,0.95,survey_Rao_Wu_percentile
renal,elastic_net,pooled_2005_2018,37482,4222,model0_core,model1_renal,combined_mec_weight,extended_minus_core,0.21,0.0008177372973375,0.0006109415659772,-0.0003729169974456,0.0020099203821706,2000,0.95,survey_Rao_Wu_percentile
renal,elastic_net,pooled_2005_2018,37482,4222,model0_core,model1_renal,combined_mec_weight,extended_model,0.21,0.0255913704400806,0.0013988066299729,0.02289556706932,0.0282577793441745,2000,0.95,survey_Rao_Wu_percentile
renal,elastic_net,pooled_2005_2018,37482,4222,model0_core,model1_renal,combined_mec_weight,treat_all,0.21,-0.1543089806879791,0.0028240356959727,-0.1599526766793809,-0.1490306575443067,2000,0.95,survey_Rao_Wu_percentile
renal,elastic_net,pooled_2005_2018,37482,4222,model0_core,model1_renal,combined_mec_weight,treat_none,0.21,0.0,0.0,0.0,0.0,2000,0.95,survey_Rao_Wu_percentile
renal,elastic_net,pooled_2005_2018,37482,4222,model0_core,model1_renal,combined_mec_weight,core_model,0.22,0.0233138042353726,0.0013652594722385,0.0206962245105781,0.0260315833692799,2000,0.95,survey_Rao_Wu_percentile
renal,elastic_net,pooled_2005_2018,37482,4222,model0_core,model1_renal,combined_mec_weight,extended_minus_core,0.22,0.0011882857637397,0.0005231613677069,0.000178914759614,0.0021732097055977,2000,0.95,survey_Rao_Wu_percentile
renal,elastic_net,pooled_2005_2018,37482,4222,model0_core,model1_renal,combined_mec_weight,extended_model,0.22,0.0245020899991124,0.0014267713477735,0.0216795114736605,0.027257977282372,2000,0.95,survey_Rao_Wu_percentile
renal,elastic_net,pooled_2005_2018,37482,4222,model0_core,model1_renal,combined_mec_weight,treat_all,0.22,-0.1691078137737224,0.0028602412818186,-0.174823864841937,-0.1637618198205158,2000,0.95,survey_Rao_Wu_percentile
renal,elastic_net,pooled_2005_2018,37482,4222,model0_core,model1_renal,combined_mec_weight,treat_none,0.22,0.0,0.0,0.0,0.0,2000,0.95,survey_Rao_Wu_percentile
renal,elastic_net,pooled_2005_2018,37482,4222,model0_core,model1_renal,combined_mec_weight,core_model,0.23,0.0221519237033989,0.0013186285366145,0.0195113181321433,0.0247680492904702,2000,0.95,survey_Rao_Wu_percentile
renal,elastic_net,pooled_2005_2018,37482,4222,model0_core,model1_renal,combined_mec_weight,extended_minus_core,0.23,0.0010668520810837,0.0005058700062397,5.347027068029765e-05,0.0020353012887545,2000,0.95,survey_Rao_Wu_percentile
renal,elastic_net,pooled_2005_2018,37482,4222,model0_core,model1_renal,combined_mec_weight,extended_model,0.23,0.0232187757844827,0.0014014554667971,0.0204528548040189,0.0259206226060737,2000,0.95,survey_Rao_Wu_percentile
renal,elastic_net,pooled_2005_2018,37482,4222,model0_core,model1_renal,combined_mec_weight,treat_all,0.23,-0.1842910321344201,0.0028973872724915,-0.1900813176320921,-0.1788756096883147,2000,0.95,survey_Rao_Wu_percentile
renal,elastic_net,pooled_2005_2018,37482,4222,model0_core,model1_renal,combined_mec_weight,treat_none,0.23,0.0,0.0,0.0,0.0,2000,0.95,survey_Rao_Wu_percentile
renal,elastic_net,pooled_2005_2018,37482,4222,model0_core,model1_renal,combined_mec_weight,core_model,0.24,0.0205106400198503,0.001314168216081,0.0179803171733911,0.0231333056544441,2000,0.95,survey_Rao_Wu_percentile
renal,elastic_net,pooled_2005_2018,37482,4222,model0_core,model1_renal,combined_mec_weight,extended_minus_core,0.24,0.0008432707066464,0.0005186992835583,-0.0002193451603947,0.0018771839054057,2000,0.95,survey_Rao_Wu_percentile
renal,elastic_net,pooled_2005_2018,37482,4222,model0_core,model1_renal,combined_mec_weight,extended_model,0.24,0.0213539107264968,0.0013056096230976,0.0187991775468768,0.023841836920447,2000,0.95,survey_Rao_Wu_percentile
renal,elastic_net,pooled_2005_2018,37482,4222,model0_core,model1_renal,combined_mec_weight,treat_all,0.24,-0.1998738088730309,0.0029355107892348,-0.2057402823377775,-0.194387130868424,2000,0.95,survey_Rao_Wu_percentile
renal,elastic_net,pooled_2005_2018,37482,4222,model0_core,model1_renal,combined_mec_weight,treat_none,0.24,0.0,0.0,0.0,0.0,2000,0.95,survey_Rao_Wu_percentile
renal,elastic_net,pooled_2005_2018,37482,4222,model0_core,model1_renal,combined_mec_weight,core_model,0.25,0.0190777494906603,0.0013145662417056,0.0165215341936218,0.0216797901615364,2000,0.95,survey_Rao_Wu_percentile
renal,elastic_net,pooled_2005_2018,37482,4222,model0_core,model1_renal,combined_mec_weight,extended_minus_core,0.25,0.0008700940266337,0.0005707554854764,-0.0002448088427943,0.0020160083400499,2000,0.95,survey_Rao_Wu_percentile
renal,elastic_net,pooled_2005_2018,37482,4222,model0_core,model1_renal,combined_mec_weight,extended_model,0.25,0.019947843517294,0.0013419359931829,0.0173285732556124,0.0224987442141941,2000,0.95,survey_Rao_Wu_percentile
renal,elastic_net,pooled_2005_2018,37482,4222,model0_core,model1_renal,combined_mec_weight,treat_all,0.25,-0.2158721263246713,0.0029746509330913,-0.2218168194356145,-0.2103122926133364,2000,0.95,survey_Rao_Wu_percentile
renal,elastic_net,pooled_2005_2018,37482,4222,model0_core,model1_renal,combined_mec_weight,treat_none,0.25,0.0,0.0,0.0,0.0,2000,0.95,survey_Rao_Wu_percentile
renal,elastic_net,pooled_2005_2018,37482,4222,model0_core,model1_renal,combined_mec_weight,core_model,0.26,0.0182975977197771,0.0012956474194599,0.0157232128641569,0.0208062837813415,2000,0.95,survey_Rao_Wu_percentile
renal,elastic_net,pooled_2005_2018,37482,4222,model0_core,model1_renal,combined_mec_weight,extended_minus_core,0.26,0.0007659305631879,0.0006192707370904,-0.0004025988517283,0.0019999236015757,2000,0.95,survey_Rao_Wu_percentile
renal,elastic_net,pooled_2005_2018,37482,4222,model0_core,model1_renal,combined_mec_weight,extended_model,0.26,0.019063528282965,0.0013197897078752,0.0164575872720357,0.021626900660628,2000,0.95,survey_Rao_Wu_percentile
renal,elastic_net,pooled_2005_2018,37482,4222,model0_core,model1_renal,combined_mec_weight,treat_all,0.26,-0.2323028307344642,0.0030148489186736,-0.2383278575360958,-0.2266678641351383,2000,0.95,survey_Rao_Wu_percentile
renal,elastic_net,pooled_2005_2018,37482,4222,model0_core,model1_renal,combined_mec_weight,treat_none,0.26,0.0,0.0,0.0,0.0,2000,0.95,survey_Rao_Wu_percentile
renal,elastic_net,pooled_2005_2018,37482,4222,model0_core,model1_renal,combined_mec_weight,core_model,0.27,0.0165911655614498,0.0012473432540724,0.0141298840204679,0.0189699824603691,2000,0.95,survey_Rao_Wu_percentile
renal,elastic_net,pooled_2005_2018,37482,4222,model0_core,model1_renal,combined_mec_weight,extended_minus_core,0.27,0.0016914519572108,0.0005440688401307,0.000616605397429,0.0027717392497049,2000,0.95,survey_Rao_Wu_percentile
renal,elastic_net,pooled_2005_2018,37482,4222,model0_core,model1_renal,combined_mec_weight,extended_model,0.27,0.0182826175186607,0.0013334038811669,0.0155647228640393,0.0208057480248938,2000,0.95,survey_Rao_Wu_percentile
renal,elastic_net,pooled_2005_2018,37482,4222,model0_core,model1_renal,combined_mec_weight,treat_all,0.27,-0.2491836914294569,0.0030561482189294,-0.2552912528448094,-0.2434715335068525,2000,0.95,survey_Rao_Wu_percentile
renal,elastic_net,pooled_2005_2018,37482,4222,model0_core,model1_renal,combined_mec_weight,treat_none,0.27,0.0,0.0,0.0,0.0,2000,0.95,survey_Rao_Wu_percentile
renal,elastic_net,pooled_2005_2018,37482,4222,model0_core,model1_renal,combined_mec_weight,core_model,0.28,0.0154342428403991,0.0012490246323604,0.0129267387740315,0.0178112120784657,2000,0.95,survey_Rao_Wu_percentile
renal,elastic_net,pooled_2005_2018,37482,4222,model0_core,model1_renal,combined_mec_weight,extended_minus_core,0.28,0.0020763683233001,0.0005740061287398,0.0010374079346377,0.003225714685525,2000,0.95,survey_Rao_Wu_percentile
renal,elastic_net,pooled_2005_2018,37482,4222,model0_core,model1_renal,combined_mec_weight,extended_model,0.28,0.0175106111636992,0.0013005359436997,0.0149215841849236,0.0199614859247225,2000,0.95,survey_Rao_Wu_percentile
renal,elastic_net,pooled_2005_2018,37482,4222,model0_core,model1_renal,combined_mec_weight,treat_all,0.28,-0.2665334649215327,0.0030985947219701,-0.2727258535787652,-0.2607419714722255,2000,0.95,survey_Rao_Wu_percentile
renal,elastic_net,pooled_2005_2018,37482,4222,model0_core,model1_renal,combined_mec_weight,treat_none,0.28,0.0,0.0,0.0,0.0,2000,0.95,survey_Rao_Wu_percentile
renal,elastic_net,pooled_2005_2018,37482,4222,model0_core,model1_renal,combined_mec_weight,core_model,0.29,0.014234446675854,0.0012155872854144,0.0118338040098578,0.0165501315138029,2000,0.95,survey_Rao_Wu_percentile
renal,elastic_net,pooled_2005_2018,37482,4222,model0_core,model1_renal,combined_mec_weight,extended_minus_core,0.29,0.002122807927605,0.0006189104360384,0.0009240207612458,0.003425572073317,2000,0.95,survey_Rao_Wu_percentile
renal,elastic_net,pooled_2005_2018,37482,4222,model0_core,model1_renal,combined_mec_weight,extended_model,0.29,0.016357254603459,0.0011942435847583,0.0140090994561354,0.0186156387040036,2000,0.95,survey_Rao_Wu_percentile
renal,elastic_net,pooled_2005_2018,37482,4222,model0_core,model1_renal,combined_mec_weight,treat_all,0.29,-0.2843719644274697,0.0031422369011528,-0.2906515698263534,-0.2784989006478905,2000,0.95,survey_Rao_Wu_percentile
renal,elastic_net,pooled_2005_2018,37482,4222,model0_core,model1_renal,combined_mec_weight,treat_none,0.29,0.0,0.0,0.0,0.0,2000,0.95,survey_Rao_Wu_percentile
renal,elastic_net,pooled_2005_2018,37482,4222,model0_core,model1_renal,combined_mec_weight,core_model,0.3,0.0133292115538298,0.0011816414207554,0.0109732015200202,0.0155841924996658,2000,0.95,survey_Rao_Wu_percentile
renal,elastic_net,pooled_2005_2018,37482,4222,model0_core,model1_renal,combined_mec_weight,extended_minus_core,0.3,0.0017603425781635,0.0006495836897118,0.0004740606091898,0.0030456611671863,2000,0.95,survey_Rao_Wu_percentile
renal,elastic_net,pooled_2005_2018,37482,4222,model0_core,model1_renal,combined_mec_weight,extended_model,0.3,0.0150895541319934,0.0011371486438816,0.0128778037896445,0.01720904480228,2000,0.95,survey_Rao_Wu_percentile
renal,elastic_net,pooled_2005_2018,37482,4222,model0_core,model1_renal,combined_mec_weight,treat_all,0.3,-0.3027201353478622,0.0031871259997407,-0.3090894493953013,-0.2967631706571462,2000,0.95,survey_Rao_Wu_percentile
renal,elastic_net,pooled_2005_2018,37482,4222,model0_core,model1_renal,combined_mec_weight,treat_none,0.3,0.0,0.0,0.0,0.0,2000,0.95,survey_Rao_Wu_percentile
